id,address,lot_type,last_list_price,builder,agent,lot_sqft,building_sqft,mls_number,date_off_market,disposition,lat,lng,notes
act_1003-w-42nd-street,1003 W 42nd Street,Single Lot,"$1,685,000",SF Custom Homes LLC,Erin Kaplan,,,,2026-08-02,sold,29.825769,-95.424672,
act_1003-wakefield-drive,1003 Wakefield Drive,Single Lot,"$1,350,000",Fisher Lane Builders,Victoria Rice,,,,2026-08-02,sold,29.821325,-95.42491,
act_1010-w-41st-street,1010 W 41st Street,Single Lot,"$1,599,990",Herzog Homes,David Herzog,,,,2026-08-02,sold,29.824323,-95.42533,
act_1010-w-42nd-street,1010 W 42nd Street,Single Lot,"$1,350,000",,Robin Tucker,,,,2026-08-02,sold,29.826324,-95.424882,
act_1022-wakefield-drive,1022 Wakefield Drive,Single Lot,"$1,680,000",K&S Construction,Deanna Zugheri,,,,2026-08-02,sold,29.821626,-95.425902,
act_1025-lamonte-lane,1025 Lamonte Lane,Single Lot,"$1,585,000",Resources Builders,Oliver Carter,,,,2026-08-02,sold,29.827693,-95.425001,
act_1025-wakefield-drive,1025 Wakefield Drive,Single Lot,"$2,250,000",,Rene Sorola,,,,2026-08-02,sold,29.821217,-95.426094,
act_1039-w-41st-street,1039 W 41st Street,Single Lot,"$1,556,000",Harvard Homes,Michael Silva,,,,2026-08-02,sold,29.823902,-95.426645,
act_1046-gardenia-drive,1046 Gardenia Drive,Single Lot,"$1,880,400",Harvard Homes,Michael Silva,,,,2026-08-02,sold,29.827223,-95.426297,
act_1051-althea-drive,1051 Althea Drive,Single Lot,"$1,460,000",BK Builder,Bardia Samiee,,,,2026-08-02,sold,29.82478,-95.427153,
act_1066-gardenia-drive,1066 Gardenia Drive,Single Lot,"$1,537,000",BK Builder,Bardia Samiee,,,,2026-08-02,sold,29.827184,-95.42722,
act_1079-w-41st-street,1079 W 41st Street,Single Lot,"$1,140,000",Oak Forest Builders,Adam Robertson,,,,2026-08-02,sold,29.824666,-95.428298,
act_1103-du-barry-lane,1103 Du Barry Lane,Single Lot,"$1,505,000",Elevate Development,Michael Silva,,,,2026-08-02,sold,29.821492,-95.427337,
act_1111-wakefield-drive,1111 Wakefield Drive,Single Lot,"$2,349,990",ARCH ANGELO HOMES,Michael Silva,,,,2026-08-02,sold,29.82211,-95.428384,
act_1119-du-barry-lane,1119 Du Barry Lane,Single Lot,"$1,579,900",Herzog Homes,David Herzog,,,,2026-08-02,sold,29.821055,-95.427966,
act_1128-du-barry-lane,1128 Du Barry Lane,Single Lot,"$1,295,999",H-Tex Enterprises,Katherine Rodriguez,,,,2026-08-02,sold,29.821432,-95.4284,
act_1132-wakefield-drive,1132 Wakefield Drive,Single Lot,"$1,475,000",Homebound,Ben Caballero,,,,2026-08-02,sold,29.822986,-95.42877,
act_1211-candlelight-lane,1211 Candlelight Lane,Single Lot,"$1,345,000",FMF 1 LLC,David Edgerton,,,,2026-08-02,sold,29.836178,-95.430349,
act_1211-overhill-street,1211 Overhill Street,Single Lot,"$1,200,000",Stone Throw Builders,Jason Jones,,,,2026-08-02,sold,29.829591,-95.430217,
act_1213-kinley-lane,1213 Kinley Lane,Single Lot,"$1,577,000",JamestownEstateHomes,Victoria Hawes,,,,2026-08-02,sold,29.823704,-95.430178,
act_1215-richelieu-lane,1215 Richelieu Lane,Single Lot,"$1,400,000",Wood Custom Homes,Mel Reyna,,,,2026-08-02,sold,29.835423,-95.430526,
act_1216-chamboard-lane,1216 Chamboard Lane,Single Lot,"$1,406,500",MAZZ CONSTRUCTION,An De Gelaen,,,,2026-08-02,sold,29.830862,-95.430473,
act_1216-richelieu-lane,1216 Richelieu Lane,Single Lot,"$1,779,950",Arch Angelo Homes,Kristine Martinez,,,,2026-08-02,sold,29.835723,-95.43052,
act_1218-chippendale-road,1218 Chippendale Road,Single Lot,"$1,250,000",OAK FOREST BUILDERS,Michelle Eads,,,,2026-08-02,sold,29.822367,-95.430342,
act_1220-candlelight-lane,1220 Candlelight Lane,Single Lot,"$1,648,000",New Oak Homes,Mark Maniha,,,,2026-08-02,sold,29.836533,-95.430758,
act_1220-thornton-road,1220 Thornton Road,Single Lot,"$1,495,000",Arch Angelo,Kristine Martinez,,,,2026-08-02,sold,29.832438,-95.430661,
act_1221-lamonte-lane,1221 Lamonte Lane,Single Lot,"$1,612,500",Wood Custom Homes,Mel Reyna,,,,2026-08-02,sold,29.826596,-95.430594,
act_1222-du-barry-lane,1222 Du Barry Lane,Single Lot,"$1,590,000",RobRyan Custom Builders,Catalina Jackson,,,,2026-08-02,sold,29.821551,-95.430512,
act_1223-cheshire-lane,1223 Cheshire Lane,Single Lot,"$1,300,000",Oak Forest Builders,Adam Robertson,,,,2026-08-02,sold,29.833728,-95.430901,
act_1223-curtin-street,1223 Curtin Street,Single Lot,"$1,400,000",,Joshua Ganjavi,,,,2026-08-02,sold,29.831203,-95.430818,
act_1224-chantilly-lane,1224 Chantilly Lane,Single Lot,"$1,525,000",,Caroline Schlemmer,,,,2026-08-02,sold,29.833367,-95.430901,
act_1225-du-barry-lane,1225 Du Barry Lane,Single Lot,"$1,420,000",Homebound,Ben Caballero,,,,2026-08-02,sold,29.821011,-95.430707,
act_1227-richelieu-lane,1227 Richelieu Lane,Single Lot,"$1,160,000",,Karie Tiner,,,,2026-08-02,sold,29.83532,-95.431085,
act_1228-chantilly-lane,1228 Chantilly Lane,Single Lot,"$1,500,000",Venice Custom Homes,Natalie Malla,,,,2026-08-02,sold,29.833274,-95.431058,
act_1228-martin-street,1228 Martin Street,Single Lot,"$1,500,000",Venice Custom Homes,Natalie Malla,,,,2026-08-02,sold,29.834882,-95.431091,
act_1230-althea-drive,1230 Althea Drive,Single Lot,"$1,337,000",,Amanda Ruchti,,,,2026-08-02,sold,29.825376,-95.430925,
act_1231-cheshire-lane,1231 Cheshire Lane,Single Lot,"$845,000",David Weekley Homes,Wendy Warnke-Sarmasag,,,,2026-08-02,sold,29.833711,-95.43131,
act_1232-cheshire-lane,1232 Cheshire Lane,Single Lot,"$1,400,000","Joyce Homes, Inc.",Linda Jamail Marshall,,,,2026-08-02,sold,29.834126,-95.431275,
act_1236-curtin-street,1236 Curtin Street,Single Lot,"$1,229,900","Herzog Homes, LLC",David Herzog,,,,2026-08-02,sold,29.831688,-95.431442,
act_1236-martin-street,1236 Martin Street,Single Lot,"$1,990,000",Arch Angelo Homes,Michael Silva,,,,2026-08-02,sold,29.834904,-95.431484,
act_1237-wakefield-drive,1237 Wakefield Drive,Single Lot,"$1,595,000",Harvard Homes,Michael Silva,,,,2026-08-02,sold,29.823015,-95.431309,
act_1239-chantilly-lane,1239 Chantilly Lane,Single Lot,"$1,250,000",Oak Forest Builders,Adam Robertson,,,,2026-08-02,sold,29.832865,-95.431617,
act_1240-candlelight-lane,1240 Candlelight Lane,Single Lot,"$1,688,000",New Oak Homes,Mark Maniha,,,,2026-08-02,sold,29.8365,-95.431692,
act_1240-richelieu-lane,1240 Richelieu Lane,Single Lot,"$1,250,500",City Cottage,Patrick Rollins,,,,2026-08-02,sold,29.835753,-95.431683,
act_1241-du-barry-lane,1241 Du Barry Lane,Single Lot,"$1,775,000",Holland Fine Homes,Justin Davis,,,,2026-08-02,sold,29.820969,-95.431472,
act_1243-candlelight-lane,1243 Candlelight Lane,Single Lot,"$1,759,000",Harvard Homes,Michael Silva,,,,2026-08-02,sold,29.836161,-95.43189,
act_1244-cheshire-lane,1244 Cheshire Lane,Single Lot,"$1,750,000",Arch Angelo Homes,Adam Robertson,,,,2026-08-02,sold,29.83412,-95.431871,
act_1244-richelieu-lane,1244 Richelieu Lane,Single Lot,"$1,690,000",New Oak Homes,Mark Maniha,,,,2026-08-02,sold,29.835684,-95.431879,
act_1245-kinley-lane,1245 Kinley Lane,Single Lot,"$1,660,000",Fursten & co Building Group,Jason Jones,,,,2026-08-02,sold,29.824288,-95.431747,
act_1248-richelieu-lane,1248 Richelieu Lane,Single Lot,"$1,275,000",Harvard Homes,Michael Silva,,,,2026-08-02,sold,29.835658,-95.432067,
act_1249-lamonte-lane,1249 Lamonte Lane,Single Lot,"$1,549,000",Homebound,Ben Caballero,,,,2026-08-02,sold,29.826514,-95.431936,
act_1251-chamboard-lane,1251 Chamboard Lane,Single Lot,"$1,511,330",Partners In Building,Wesley Bryant,,,,2026-08-02,sold,29.83036,-95.432176,
act_1255-richelieu-lane,1255 Richelieu Lane,Single Lot,"$1,150,000",City Cottage,Patrick Rollins,,,,2026-08-02,sold,29.835324,-95.432454,
act_1260-candlelight-lane,1260 Candlelight Lane,Single Lot,"$1,695,000",,Caroline Schlemmer,,,,2026-08-02,sold,29.836527,-95.432676,
act_1261-wakefield-drive,1261 Wakefield Drive,Single Lot,"$1,693,000",Jamestown Estate Homes,Victoria Hawes,,,,2026-08-02,sold,29.82348,-95.432342,
act_1304-lamonte-lane,1304 Lamonte Lane,Single Lot,"$1,033,000",H-TEX ENTERPRISES,Katherine Rodriguez,,,,2026-08-02,sold,29.826924,-95.432352,
act_1305-martin-street,1305 Martin Street,Single Lot,"$1,442,900",Herzog Homes,David Herzog,,,,2026-08-02,sold,29.834469,-95.432843,
act_1305-overhill-street,1305 Overhill Street,Single Lot,"$1,280,000",H-TEX ENTERPRISES,Katherine Rodriguez,,,,2026-08-02,sold,29.829456,-95.432378,
act_1306-chantilly-lane,1306 Chantilly Lane,Single Lot,"$1,425,000",JamestownEstateHomes,Victoria Hawes,,,,2026-08-02,sold,29.833233,-95.432656,
act_1308-wakefield-drive,1308 Wakefield Drive,Single Lot,"$2,252,000",Venice Custom Homes,Natalie Malla,,,,2026-08-02,sold,29.824148,-95.43247,
act_1309-candlelight-lane,1309 Candlelight Lane,Single Lot,"$1,225,000",City Cottage,Patrick Rollins,,,,2026-08-02,sold,29.836043,-95.433254,
act_1309-overhill-street,1309 Overhill Street,Single Lot,"$1,095,000",H-TEX ENTERPRISES,Katherine Rodriguez,,,,2026-08-02,sold,29.829407,-95.432591,
act_1309-thornton-road,1309 Thornton Road,Single Lot,"$1,450,000",JamestownEstateHomes,Victoria Hawes,,,,2026-08-02,sold,29.831944,-95.432827,
act_1310-chantilly-lane,1310 Chantilly Lane,Single Lot,"$1,475,000",Homebound,Ben Caballero,,,,2026-08-02,sold,29.833176,-95.43283,
act_1313-candlelight-lane,1313 Candlelight Lane,Single Lot,"$1,200,000",City Cottage,Patrick Rollins,,,,2026-08-02,sold,29.836025,-95.433444,
act_1315-gardenia-drive,1315 Gardenia Drive,Single Lot,"$1,650,000",Thakkar & Company,Jacqueline Davis,,,,2026-08-02,sold,29.82571,-95.43287,
act_1318-overhill-street,1318 Overhill Street,Single Lot,"$1,799,000",Rowlen Investments,Alexandra McCauley,,,,2026-08-02,sold,29.829805,-95.433032,
act_1321-cheshire-lane,1321 Cheshire Lane,Single Lot,"$1,388,500",Partners in Building,Wesley Bryant,,,,2026-08-02,sold,29.833512,-95.433418,
act_1321-martin-street,1321 Martin Street,Single Lot,"$1,289,900",Oak Forest Builders,Adam Robertson,,,,2026-08-02,sold,29.834365,-95.433596,
act_1322-martin-street,1322 Martin Street,Single Lot,"$1,205,000",Oak Forest Builders,Adam Robertson,,,,2026-08-02,sold,29.834653,-95.433617,
act_1322-overhill-street,1322 Overhill Street,Single Lot,"$1,373,000",Oak Forest Builders,Adam Robertson,,,,2026-08-02,sold,29.829824,-95.433213,
act_1325-martin-street,1325 Martin Street,Single Lot,"$1,455,000",Partners In Building,Wesley Bryant,,,,2026-08-02,sold,29.834345,-95.43381,
act_1329-chamboard-lane,1329 Chamboard Lane,Single Lot,"$1,879,000",Venice Custom Home Development,Mel Reyna,,,,2026-08-02,sold,29.830121,-95.433663,
act_1333-curtin-street,1333 Curtin Street,Single Lot,"$1,500,000",HMH LLC,Natalie Malla,,,,2026-08-02,sold,29.830959,-95.434033,
act_1333-martin-street,1333 Martin Street,Single Lot,"$1,414,000",Herzog Homes,David Herzog,,,,2026-08-02,sold,29.834306,-95.434181,
act_1336-althea-drive,1336 Althea Drive,Single Lot,"$1,535,000",R2 Custom Homes,Garrett Tyra,,,,2026-08-02,sold,29.825367,-95.433752,
act_1338-candlelight-lane,1338 Candlelight Lane,Single Lot,"$1,674,000",Eleviz LLC,Rachel Gonzalez-Dunham,,,,2026-08-02,sold,29.836351,-95.434523,
act_1341-candlelight-lane,1341 Candlelight Lane,Single Lot,"$1,549,000",Homebound,Ben Caballero,,,,2026-08-02,sold,29.835793,-95.434781,
act_1343-du-barry-lane,1343 Du Barry Lane,Single Lot,"$1,530,000",Eleviz LLC,Angela Hernandez,,,,2026-08-02,sold,29.821092,-95.43489,
act_1344-ebony-lane,1344 Ebony Lane,Single Lot,"$1,300,000",Homebound,Ben Caballero,,,,2026-08-02,sold,29.822203,-95.434676,
act_1345-martin-street,1345 Martin Street,Single Lot,"$1,500,000",,Barbara Mujica,,,,2026-08-02,sold,29.834179,-95.434727,
act_1347-althea-drive,1347 Althea Drive,Single Lot,"$1,479,000",Homebound,Ben Caballero,,,,2026-08-02,sold,29.825306,-95.434382,
act_1349-chantilly-lane,1349 Chantilly Lane,Single Lot,"$1,457,560",TyBeck Homes,Adam Robertson,,,,2026-08-02,sold,29.832512,-95.434657,
act_1351-althea-drive,1351 Althea Drive,Single Lot,"$1,501,000",,Izabela Rowe,,,,2026-08-02,sold,29.825129,-95.434583,
act_1352-du-barry-lane,1352 Du Barry Lane,Single Lot,"$1,240,000",City Cottage,Patrick Rollins,,,,2026-08-02,sold,29.821408,-95.435335,
act_1352-gardenia-drive,1352 Gardenia Drive,Single Lot,"$1,775,000",Jamestown Estate Homes,Victoria Hawes,,,,2026-08-02,sold,29.826451,-95.434666,
act_1353-candlelight-lane,1353 Candlelight Lane,Single Lot,"$1,485,000",N & T Builders,Natalie Malla,,,,2026-08-02,sold,29.835825,-95.435359,
act_1353-chantilly-lane,1353 Chantilly Lane,Single Lot,"$1,530,000",Texas City Cottage,Kristi Kolmetz,,,,2026-08-02,sold,29.832411,-95.434842,
act_1353-richelieu-lane,1353 Richelieu Lane,Single Lot,"$1,359,000",Resources Builders,Michael Silva,,,,2026-08-02,sold,29.834989,-95.435287,
act_1360-woodcrest-drive,1360 Woodcrest Drive,Single Lot,"$1,197,500",Herzog Home,David Herzog,,,,2026-08-02,sold,29.822978,-95.434873,
act_1363-ebony-lane,1363 Ebony Lane,Single Lot,"$1,421,923",K Simon Construction,Deanna Zugheri,,,,2026-08-02,sold,29.822056,-95.435718,
act_1376-woodcrest-drive,1376 Woodcrest Drive,Single Lot,"$1,179,000",Resources Builders,Michael Silva,,,,2026-08-02,sold,29.82316,-95.435593,
act_1406-cheshire-lane,1406 Cheshire Lane,Single Lot,"$1,326,640",New Oak Homes,Mark Maniha,,,,2026-08-02,sold,29.8337,-95.435704,
act_1410-chantilly-lane,1410 Chantilly Lane,Single Lot,"$1,364,000",Period Construction,Caroline Schlemmer,,,,2026-08-02,sold,29.832821,-95.435739,
act_1411-ebony-lane,1411 Ebony Lane,Single Lot,"$1,550,000",Homebound,Ben Caballero,,,,2026-08-02,sold,29.822234,-95.436761,
act_1411-lamonte-lane,1411 Lamonte Lane,Single Lot,"$1,550,000",SF Custom Homes,Kali Gipson,,,,2026-08-02,sold,29.826979,-95.435323,
act_1411-richelieu-lane,1411 Richelieu Lane,Single Lot,"$1,605,000",,Adam Robertson,,,,2026-08-02,sold,29.8348,-95.436078,
act_1411-sue-barnett-drive,1411 Sue Barnett Drive,Single Lot,"$1,475,000",Stone Throw Builders,Jason Jones,,,,2026-08-02,sold,29.829188,-95.420242,
act_1411-wakefield-drive,1411 Wakefield Drive,Single Lot,"$1,560,000",Herzog Homes,Kate Ferguson,,,,2026-08-02,sold,29.824635,-95.436045,
act_1417-overhill-street,1417 Overhill Street,Single Lot,"$1,425,000",Wood Custom Homes,Mel Reyna,,,,2026-08-02,sold,29.829041,-95.435349,
act_1418-chantilly-lane,1418 Chantilly Lane,Single Lot,"$1,110,000",,Ruth Carruthers,,,,2026-08-02,sold,29.832791,-95.436105,
act_1418-cheshire-lane,1418 Cheshire Lane,Single Lot,"$1,670,000",Ranier Custom Homes,Deanna Zugheri,,,,2026-08-02,sold,29.83347,-95.436205,
act_1419-candlelight-lane,1419 Candlelight Lane,Single Lot,"$1,338,700",New Oak Homes,Mark Maniha,,,,2026-08-02,sold,29.835664,-95.43658,
act_1419-hewitt-drive,1419 Hewitt Drive,Single Lot,"$1,585,000",RobRyan Builders,David Vallejo,,,,2026-08-02,sold,29.835756,-95.438912,
act_1423-gardenia-drive,1423 Gardenia Drive,Single Lot,"$2,099,000",Arch Angelo Homes,Michael Silva,,,,2026-08-02,sold,29.826277,-95.43616,
act_1426-chamboard-lane,1426 Chamboard Lane,Single Lot,"$1,225,000",City Cottage,Patrick Rollins,,,,2026-08-02,sold,29.830106,-95.436144,
act_1427-chamboard-lane,1427 Chamboard Lane,Single Lot,"$1,342,000",Quintessa Homes,Jihye Deveau,,,,2026-08-02,sold,29.829713,-95.435914,
act_1427-martin-street,1427 Martin Street,Single Lot,"$1,247,500",Oak Forest Builders,Adam Robertson,,,,2026-08-02,sold,29.833875,-95.436651,
act_1430-overhill,1430 Overhill,Single Lot,"$1,335,000",ASG Homes,Harris Benson,,,,2026-08-02,sold,29.829072,-95.43616,
act_1431-chantilly-lane,1431 Chantilly Lane,Single Lot,"$1,425,000",Homebound,Ben Caballero,,,,2026-08-02,sold,29.832172,-95.436589,
act_1431-cheshire-lane,1431 Cheshire Lane,Single Lot,"$1,448,200",Stone Throw,Jason Jones,,,,2026-08-02,sold,29.833105,-95.436733,
act_1432-w-43rd-street,1432 W 43rd Street,Single Lot,"$1,044,000",Houston Home by LDM,Audrey Suarez,,,,2026-08-02,sold,29.829014,-95.436487,
act_1434-thornton-road,1434 Thornton Road,Single Lot,"$1,099,000",Oak Forest Builders,Adam Robertson,,,,2026-08-02,sold,29.83172,-95.436783,
act_1434-woodcrest-drive,1434 Woodcrest Drive,Single Lot,"$1,595,000",Harvard Homes,Michael Silva,,,,2026-08-02,sold,29.823516,-95.437605,
act_1435-curtin-street,1435 Curtin Street,Single Lot,"$1,310,000",Niantic Homes,Freddie Minahan,,,,2026-08-02,sold,29.830447,-95.436486,
act_1435-woodcrest-drive,1435 Woodcrest Drive,Single Lot,"$1,260,000",Harvard Homes,Michael Silva,,,,2026-08-02,sold,29.823105,-95.437623,
act_1438-thornton-road,1438 Thornton Road,Single Lot,"$1,542,570",New Oak Homes,Adam Robertson,,,,2026-08-02,sold,29.83167,-95.436964,
act_1438-wakefield-drive,1438 Wakefield Drive,Single Lot,"$1,750,500",Harvard Homes,Michael Silva,,,,2026-08-02,sold,29.825235,-95.437276,
act_1439-chantilly-lane,1439 Chantilly Lane,Single Lot,"$1,100,000",Square Design,Abigail Bocchetto,,,,2026-08-02,sold,29.83211,-95.436952,
act_1439-martin-street,1439 Martin Street,Single Lot,"$1,719,000",Wood Custom Homes,Mel Reyna,,,,2026-08-02,sold,29.833763,-95.437183,
act_1441-chamboard-lane,1441 Chamboard Lane,Single Lot,"$1,550,000",RobRyan Builders,Hannah Winters,,,,2026-08-02,sold,29.829454,-95.436346,
act_1443-martin-street,1443 Martin Street,Single Lot,"$1,489,450",Ranier Custom Homes,Deanna Zugheri,,,,2026-08-02,sold,29.833765,-95.437416,
act_1450-martin-street,1450 Martin Street,Single Lot,"$1,699,325",Ranier Custom Homes,Deanna Zugheri,,,,2026-08-02,sold,29.83409,-95.437935,
act_1478-sue-barnett-drive,1478 Sue Barnett Drive,Single Lot,"$1,400,000","SF Custom Homes, LLC",Anne Vastakis,,,,2026-08-02,sold,29.83001,-95.42323,
act_1502-chantilly-lane,1502 Chantilly Lane,Single Lot,"$1,150,000",Square Design,Brian DePaulo,,,,2026-08-02,sold,29.832385,-95.437405,
act_1502-du-barry-lane,1502 Du Barry Lane,Single Lot,"$1,589,000",Echo Custom Homes,Kevin Sechelski,,,,2026-08-02,sold,29.821869,-95.437822,
act_1502-gardenia-drive,1502 Gardenia Drive,Single Lot,"$1,229,000",Oak Forest Builders,Adam Robertson,,,,2026-08-02,sold,29.826909,-95.437945,
act_1505-wakefield-drive,1505 Wakefield Drive,Single Lot,"$1,512,500",Venice Custom Homes,Becky Wheeler,,,,2026-08-02,sold,29.824775,-95.438115,
act_1506-chippendale-road,1506 Chippendale Road,Single Lot,"$1,225,000",Oak Forest Builders,Adam Robertson,,,,2026-08-02,sold,29.824323,-95.438059,
act_1506-wakefield-drive,1506 Wakefield Drive,Single Lot,"$1,237,113",Oak Forest Builders,Adam Robertson,,,,2026-08-02,sold,29.825172,-95.438066,
act_1509-wakefield-drive,1509 Wakefield Drive,Single Lot,"$1,406,000",JamestownEstateHomes,Victoria Hawes,,,,2026-08-02,sold,29.824886,-95.438265,
act_1515-candlelight-lane,1515 Candlelight Lane,Single Lot,"$1,259,000",City Cottage,Rachel Conkling,,,,2026-08-02,sold,29.835686,-95.438104,
act_1526-cheshire-lane,1526 Cheshire Lane,Single Lot,"$1,730,000",Pavilion Builders,Pamela Kimmons,,,,2026-08-02,sold,29.832468,-95.439059,
act_1529-althea-drive,1529 Althea Drive,Single Lot,"$1,687,000",Herzog Homes LLC,David Herzog,,,,2026-08-02,sold,29.825547,-95.439187,
act_1535-hewitt-drive,1535 Hewitt Drive,Single Lot,"$1,516,930",AGI Builders,Natalie Malla,,,,2026-08-02,sold,29.832624,-95.440009,
act_1537-gardenia-drive,1537 Gardenia Drive,Single Lot,"$1,300,000",City Cottage,Patrick Rollins,,,,2026-08-02,sold,29.826318,-95.439557,
act_1539-sue-barnett-drive,1539 Sue Barnett Drive,Single Lot,"$1,310,000",,Ashton Martini,,,,2026-08-02,sold,29.829467,-95.425537,
act_1543-hewitt-drive,1543 Hewitt Drive,Single Lot,"$1,810,000",S F Custom Homes LLC,Erin Kaplan,,,,2026-08-02,sold,29.832276,-95.440073,
act_1550-hewitt-drive,1550 Hewitt Drive,Single Lot,"$1,650,000",AIM Contracting,Adam Robertson,,,,2026-08-02,sold,29.832361,-95.440581,
act_1553-lamonte-lane,1553 Lamonte Lane,Single Lot,"$1,460,000",Homebound,Ben Caballero,,,,2026-08-02,sold,29.826997,-95.440304,
act_1558-cheshire-lane,1558 Cheshire Lane,Single Lot,"$1,560,000",Jamestown Estate Homes,Michael Silva,,,,2026-08-02,sold,29.831421,-95.440083,
act_1582-hewitt-drive,1582 Hewitt Drive,Single Lot,"$1,489,900",,Adam Robertson,,,,2026-08-02,sold,29.831051,-95.441666,
act_1602-hewitt-drive,1602 Hewitt Drive,Single Lot,"$1,400,000",,Stephanie Finch,,,,2026-08-02,sold,29.830618,-95.442423,
act_1607-wakefield-drive,1607 Wakefield Drive,Single Lot,"$1,235,000",,Alexandra McCauley,,,,2026-08-02,sold,29.824426,-95.440343,
act_1610-woodcrest-drive,1610 Woodcrest Drive,Single Lot,"$1,350,000",,Christine Guidot,,,,2026-08-02,sold,29.823251,-95.440151,
act_1614-cheshire-lane,1614 Cheshire Lane,Single Lot,"$1,475,000",Branchway Development Group,Alex Aldrich,,,,2026-08-02,sold,29.829645,-95.442579,
act_1614-woodcrest-drive,1614 Woodcrest Drive,Single Lot,"$1,595,000",Harvard Homes,Michael Silva,,,,2026-08-02,sold,29.823212,-95.440354,
act_1618-gardenia-drive,1618 Gardenia Drive,Single Lot,"$1,075,000",FORTHRIGHT Construct,Clarissa Castleberry,,,,2026-08-02,sold,29.826382,-95.441403,
act_1618-latexo-drive,1618 Latexo Drive,Single Lot,"$1,375,661",Harvard Homes,Michael Silva,,,,2026-08-02,sold,29.834689,-95.440468,
act_1619-richelieu-lane,1619 Richelieu Lane,Single Lot,"$1,679,000",Ranier Custom Homes,Deanna Zugheri,,,,2026-08-02,sold,29.835213,-95.440294,
act_1622-candlelight,1622 Candlelight,Single Lot,"$1,625,000",Homebound,Ben Caballero,,,,2026-08-02,sold,29.836504,-95.440019,
act_1622-wakefield-drive,1622 Wakefield Drive,Single Lot,"$1,295,000",Hess Homes,Harley Hedgpeth,,,,2026-08-02,sold,29.82467,-95.441142,
act_1623-candlelight-lane,1623 Candlelight Lane,Single Lot,"$1,810,000","Arch Angelo Homes, LLC",Kristine Martinez,,,,2026-08-02,sold,29.836168,-95.44009,
act_1626-woodcrest-drive,1626 Woodcrest Drive,Single Lot,"$1,399,500",Herzog Homes,David Herzog,,,,2026-08-02,sold,29.823108,-95.440954,
act_1627-chippendale-road,1627 Chippendale Road,Single Lot,"$1,580,000",DIG,Ellen Krantz,,,,2026-08-02,sold,29.8235,-95.441041,
act_1630-richelieu-lane,1630 Richelieu Lane,Single Lot,"$1,350,000",SF Custom Homes LLC,Erin Kaplan,,,,2026-08-02,sold,29.835694,-95.440669,
act_1631-saxon-drive,1631 Saxon Drive,Single Lot,"$1,221,000",Partners In Building,Wesley Bryant,,,,2026-08-02,sold,29.827497,-95.442493,
act_1632-lamonte-lane,1632 Lamonte Lane,Single Lot,"$1,260,000",Herzog Homes,David Herzog,,,,2026-08-02,sold,29.827135,-95.442313,
act_1638-latexo-drive,1638 Latexo Drive,Single Lot,"$1,650,000","Arch Angelo Hms, LLC",Kristine Martinez,,,,2026-08-02,sold,29.835127,-95.441277,
act_1638-wakefield-drive,1638 Wakefield Drive,Single Lot,"$1,499,900",Herzog Homes,David Herzog,,,,2026-08-02,sold,29.824646,-95.441929,
act_1642-du-barry-lane,1642 Du Barry Lane,Single Lot,"$1,270,000",GREEN MODE DESIGNS,Ruby Thomas Wadhwa,,,,2026-08-02,sold,29.821341,-95.441042,
act_1654-du-barry-lane,1654 Du Barry Lane,Single Lot,"$1,316,000",,Angelica Teachout,,,,2026-08-02,sold,29.821412,-95.441563,
act_1702-candlelight-lane,1702 Candlelight Lane,Single Lot,"$1,975,000",Alinea Design + Build,Brent Herman,,,,2026-08-02,sold,29.836623,-95.44135,
act_1705-chantilly-lane,1705 Chantilly Lane,Single Lot,"$1,300,000",H-TEX ENTERPRISES,Katherine Rodriguez,,,,2026-08-02,sold,29.828206,-95.443286,
act_1705-saxon-drive,1705 Saxon Drive,Single Lot,"$1,599,900",Herzog Homes,David Herzog,,,,2026-08-02,sold,29.827479,-95.443116,
act_1706-candlelight-lane,1706 Candlelight Lane,Single Lot,"$1,560,000",James Custom Home,Derek Eisenberg,,,,2026-08-02,sold,29.836528,-95.441512,
act_1709-libbey-drive,1709 Libbey Drive,Single Lot,"$1,300,000",Resources Builders,Stacy Wood,,,,2026-08-02,sold,29.830815,-95.443084,
act_1710-chantilly-lane,1710 Chantilly Lane,Single Lot,"$1,549,000",White Nest,Michael Silva,,,,2026-08-02,sold,29.828671,-95.443534,
act_1710-du-barry-lane,1710 Du Barry Lane,Single Lot,"$1,235,000",Iron Gate,Dana Johnson,,,,2026-08-02,sold,29.821343,-95.442269,
act_1711-latexo-drive,1711 Latexo Drive,Single Lot,"$1,225,000",City Cottage,Patrick Rollins,,,,2026-08-02,sold,29.834966,-95.441986,
act_1713-althea-drive,1713 Althea Drive,Single Lot,"$1,311,180",,Adam Robertson,,,,2026-08-02,sold,29.824951,-95.443029,
act_1714-hewitt-drive,1714 Hewitt Drive,Single Lot,"$1,575,000",White Nest,Michael Silva,,,,2026-08-02,sold,29.830387,-95.443746,
act_1714-wakefield-drive,1714 Wakefield Drive,Single Lot,"$1,570,000",BK Builder,Bardia Samiee,,,,2026-08-02,sold,29.824575,-95.442838,
act_1717-saxon-drive,1717 Saxon Drive,Single Lot,"$1,245,000",New Oak Homes,Katherine Brown,,,,2026-08-02,sold,29.82739,-95.443629,
act_1723-candlelight-lane,1723 Candlelight Lane,Single Lot,"$1,560,000",,Chris Moore,,,,2026-08-02,sold,29.836149,-95.442288,
act_1723-latexo-drive,1723 Latexo Drive,Single Lot,"$1,282,355",Oak Forest Builders,Adam Robertson,,,,2026-08-02,sold,29.835227,-95.442429,
act_1726-chippendale-road,1726 Chippendale Road,Single Lot,"$1,183,292",Partners in Building,Wesley Bryant,,,,2026-08-02,sold,29.823728,-95.443364,
act_1727-candlelight-lane,1727 Candlelight Lane,Single Lot,"$1,678,000",Niantic Homes,James Horne,,,,2026-08-02,sold,29.8362,-95.442587,
act_1727-latexo-drive,1727 Latexo Drive,Single Lot,"$1,230,000",City Cottage,Patrick Rollins,,,,2026-08-02,sold,29.835314,-95.442599,
act_1729-althea-drive,1729 Althea Drive,Single Lot,"$1,485,000",SF Custom Homes LLC,Erin Kaplan,,,,2026-08-02,sold,29.825001,-95.443765,
act_1729-chippendale-road,1729 Chippendale Road,Single Lot,"$1,165,000",New Oak Homes,Mark Maniha,,,,2026-08-02,sold,29.823403,-95.443546,
act_1730-ebony-lane,1730 Ebony Lane,Single Lot,"$1,100,000","Corbella, Inc",Denise Hika,,,,2026-08-02,sold,29.822139,-95.443336,
act_1730-lamonte-lane,1730 Lamonte Lane,Single Lot,"$1,469,000",Herzog Homes,Sabrina McKnight,,,,2026-08-02,sold,29.827063,-95.444004,
act_1730-woodcrest-drive,1730 Woodcrest Drive,Single Lot,"$1,080,000",Resources Builders,Michael Silva,,,,2026-08-02,sold,29.822846,-95.443358,
act_1732-libbey-drive,1732 Libbey Drive,Single Lot,"$1,433,949",Sterling + Thomas,Andrew Doonan,,,,2026-08-02,sold,29.83116,-95.444268,
act_1733-du-barry-lane,1733 Du Barry Lane,Single Lot,"$1,395,000",New Oak Homes,Mark Maniha,,,,2026-08-02,sold,29.820939,-95.443259,
act_1735-lamonte-lane,1735 Lamonte Lane,Single Lot,"$1,500,000",Herzog,Lorraine Cole,,,,2026-08-02,sold,29.826617,-95.444179,
act_1737-viking-drive,1737 Viking Drive,Single Lot,"$1,790,000",,Ronnie Matthews,,,,2026-08-02,sold,29.834669,-95.443098,
act_1738-ebony-lane,1738 Ebony Lane,Single Lot,"$899,900",City Cottage,Patrick Rollins,,,,2026-08-02,sold,29.822024,-95.443702,
act_1754-du-barry-lane,1754 Du Barry Lane,Single Lot,"$1,000,000",Rob Ryan,Lauren Harris,,,,2026-08-02,sold,29.821201,-95.44414,
act_1767-de-milo-drive,1767 De Milo Drive,Single Lot,"$930,900",H-Tex Enterprises,Katherine Rodriguez,,,,2026-08-02,sold,29.833843,-95.44419,
act_1806-cheshire-lane,1806 Cheshire Lane,Single Lot,"$1,375,000",,Holley Madden,,,,2026-08-02,sold,29.829537,-95.44517,
act_1806-chippendale-road,1806 Chippendale Road,Single Lot,"$970,000",H-TEX ENTERPRISES,Katherine Rodriguez,,,,2026-08-02,sold,29.82367,-95.445029,
act_1806-woodcrest-drive,1806 Woodcrest Drive,Single Lot,"$1,048,799",BT Grace Homes,Luke Volz,,,,2026-08-02,sold,29.822843,-95.444974,
act_1807-du-barry-lane,1807 Du Barry Lane,Single Lot,"$1,500,000",Shadow Developments,Cynthia Bigelow,,,,2026-08-02,sold,29.820817,-95.444936,
act_1807-wakefield-drive,1807 Wakefield Drive,Single Lot,"$1,245,000",Homebound,Ben Caballero,,,,2026-08-02,sold,29.824182,-95.445036,
act_1811-althea-drive,1811 Althea Drive,Single Lot,"$1,150,000",Joyce Homes,Andrew Doonan,,,,2026-08-02,sold,29.824933,-95.445249,
act_1811-du-barry-lane,1811 Du Barry Lane,Single Lot,"$1,215,000",Homebound,Jvonne Lowe,,,,2026-08-02,sold,29.820843,-95.445116,
act_1815-cheshire-lane,1815 Cheshire Lane,Single Lot,"$899,900",City Cottage,Patrick Rollins,,,,2026-08-02,sold,29.829115,-95.445535,
act_1818-hewitt-drive,1818 Hewitt Drive,Single Lot,"$1,276,923",5 Star Construction,Adam Robertson,,,,2026-08-02,sold,29.830246,-95.445752,
act_1818-wakefield-drive,1818 Wakefield Drive,Single Lot,"$1,359,000",Ranier Custom Homes,Deanna Zugheri,,,,2026-08-02,sold,29.824578,-95.445631,
act_1827-libbey-drive,1827 Libbey Drive,Single Lot,"$978,000",H-TEX ENTERPRISES,Katherine Rodriguez,,,,2026-08-02,sold,29.830753,-95.446087,
act_1842-chantilly-lane,1842 Chantilly Lane,Single Lot,"$1,327,733",Harvard Homes,Michael Silva,,,,2026-08-02,sold,29.828654,-95.446797,
act_1851-nina-lee-lane,1851 Nina Lee Lane,Single Lot,"$925,500",City Cottage,Kristin Carter,,,,2026-08-02,sold,29.831501,-95.447253,
act_1854-chantilly-lane,1854 Chantilly Lane,Single Lot,"$1,275,000",Stone Throw Builders,Jason Jones,,,,2026-08-02,sold,29.828578,-95.447368,
act_1854-nina-lee-lane,1854 Nina Lee Lane,Single Lot,"$1,030,000",DMCK ENTERPRISES LLC,Katherine Rodriguez,,,,2026-08-02,sold,29.831898,-95.447458,
act_1903-de-milo-drive,1903 De Milo Drive,Single Lot,"$1,160,000",VGC Living Designs,Elizabeth Villarreal,,,,2026-08-02,sold,29.834518,-95.446358,
act_1905-althea-drive,1905 Althea Drive,Single Lot,"$1,308,000",Stone Throw Builders,Francisco Gomez-Penaloza,,,,2026-08-02,sold,29.824987,-95.44649,
act_1905-chippendale-road,1905 Chippendale Road,Single Lot,"$1,117,500",Niantic Homes,Nicole Hohman,,,,2026-08-02,sold,29.823314,-95.446431,
act_1909-wakefield-drive,1909 Wakefield Drive,Single Lot,"$1,290,000",5 Star Construction,Adam Robertson,,,,2026-08-02,sold,29.824135,-95.446598,
act_1913-ebony-lane,1913 Ebony Lane,Single Lot,"$1,200,000",,Tosha Hypolite,,,,2026-08-02,sold,29.821581,-95.446583,
act_1915-latexo-drive,1915 Latexo Drive,Single Lot,"$1,063,500",,Mary Wassef,,,,2026-08-02,sold,29.836071,-95.446953,
act_1917-chippendale-road,1917 Chippendale Road,Single Lot,"$1,180,000",Adolfo Aguilera,Dan Gad,,,,2026-08-02,sold,29.823303,-95.447027,
act_1917-du-barry-lane,1917 Du Barry Lane,Single Lot,"$875,000",Avante Garde,Carl Collins,,,,2026-08-02,sold,29.820869,-95.446651,
act_1917-ebony-lane,1917 Ebony Lane,Single Lot,"$1,180,000",RobRyan Builders,David Vallejo,,,,2026-08-02,sold,29.821677,-95.446776,
act_2002-cheshire-lane,2002 Cheshire Lane,Single Lot,"$1,180,000",H-Tex Enterprises,Katherine Rodriguez,,,,2026-08-02,sold,29.829364,-95.44796,
act_2003-du-barry-lane,2003 Du Barry Lane,Single Lot,"$1,485,000",,Andrea Hough,,,,2026-08-02,sold,29.820736,-95.44722,
act_2006-chantilly-lane,2006 Chantilly Lane,Single Lot,"$1,399,000",Harvard Homes,Michael Silva,,,,2026-08-02,sold,29.82863,-95.448173,
act_2007-gardenia-drive,2007 Gardenia Drive,Single Lot,"$1,347,830",Fürsten & Co Building Group,Jason Jones,,,,2026-08-02,sold,29.825719,-95.448093,
act_2010-althea-drive,2010 Althea Drive,Single Lot,"$1,273,020",Harvard Homes,Michael Silva,,,,2026-08-02,sold,29.825238,-95.448263,
act_2011-althea-drive,2011 Althea Drive,Single Lot,"$1,195,000",Harvard Homes,Michael Silva,,,,2026-08-02,sold,29.824951,-95.448246,
act_2011-brimberry-street,2011 Brimberry Street,Single Lot,"$1,135,000",RobRyan Builders,Julie Maddox,,,,2026-08-02,sold,29.833639,-95.44842,
act_2011-gardenia-drive,2011 Gardenia Drive,Single Lot,"$1,325,000",Fursten & Co Building Group,Jason Jones,,,,2026-08-02,sold,29.825698,-95.448277,
act_2018-althea-drive,2018 Althea Drive,Single Lot,"$1,325,000",Harvard Homes,Michael Silva,,,,2026-08-02,sold,29.825291,-95.44865,
act_2018-ebony-lane,2018 Ebony Lane,Single Lot,"$1,204,740",RobRyan Builders,David Vallejo,,,,2026-08-02,sold,29.821578,-95.448146,
act_2026-cheshire-lane,2026 Cheshire Lane,Single Lot,"$1,331,170",Harvard Homes,Michael Silva,,,,2026-08-02,sold,29.829463,-95.449187,
act_207-w-33rd-street,207 W 33rd Street,Single Lot,"$1,852,500",ROCKWOOD,Rene Sorola,,,,2026-08-02,sold,29.816913,-95.39992,
act_208-w-31st-street,208 W 31st Street,Single Lot,"$1,800,000",Echo Custom Homes,Kevin Sechelski,,,,2026-08-02,sold,29.815187,-95.399921,
act_2103-brimberry-street,2103 Brimberry Street,Single Lot,"$990,000",MARK HARVIE,Rene Sorola,,,,2026-08-02,sold,29.833513,-95.450171,
act_2103-woodcrest-drive,2103 Woodcrest Drive,Single Lot,"$1,699,000",Elevare Developments,Christopher Phan,,,,2026-08-02,sold,29.8221,-95.448667,
act_2115-cheshire-lane,2115 Cheshire Lane,Single Lot,"$1,105,000",N/A,Erik Platou,,,,2026-08-02,sold,29.829013,-95.450188,
act_2118-nina-lee-lane,2118 Nina Lee Lane,Single Lot,"$1,190,000",HIGHLINE BUILDERS,Alex luo,,,,2026-08-02,sold,29.831933,-95.450918,
act_2119-chantilly-lane,2119 Chantilly Lane,Single Lot,"$1,140,000",Homebound,Michael Silva,,,,2026-08-02,sold,29.828219,-95.450324,
act_2119-wakefield-drive,2119 Wakefield Drive,Single Lot,"$1,050,000",Ryan Phillips Custom,Erica Brown,,,,2026-08-02,sold,29.823663,-95.449787,
act_2202-hewitt-drive,2202 Hewitt Drive,Single Lot,"$1,230,000",RNM Development,Joe Zamora,,,,2026-08-02,sold,29.830234,-95.450651,
act_2203-gardenia-drive,2203 Gardenia Drive,Single Lot,"$1,168,000",Homebound,Michael Silva,,,,2026-08-02,sold,29.825149,-95.450512,
act_2214-wakefield-drive,2214 Wakefield Drive,Single Lot,"$1,000,000",GEJAR LLC,Bryan Vanas,,,,2026-08-02,sold,29.823448,-95.450775,
act_2227-saxon-drive,2227 Saxon Drive,Single Lot,"$1,298,500",NestVest LLC,Alexandra McCauley,,,,2026-08-02,sold,29.827364,-95.452494,
act_2302-gardenia-drive,2302 Gardenia Drive,Single Lot,"$1,195,000",,Whitney Conkling,,,,2026-08-02,sold,29.824936,-95.451863,
act_2306-gardenia-drive,2306 Gardenia Drive,Single Lot,"$1,150,000",Ryan Phillips Custom,Erica Brown,,,,2026-08-02,sold,29.824752,-95.451934,
act_2311-saxon-drive,2311 Saxon Drive,Single Lot,"$1,175,000",N/A,Raquel Colesio,,,,2026-08-02,sold,29.82729,-95.453324,
act_2323-althea-drive,2323 Althea Drive,Single Lot,"$1,100,000",Venice Custom Homes,Natalie Malla,,,,2026-08-02,sold,29.823456,-95.451677,
act_2323-saxon-drive,2323 Saxon Drive,Single Lot,"$1,175,000",Fursten Building Co,Jason Jones,,,,2026-08-02,sold,29.827351,-95.453886,
act_336-w-32nd-street,336 W 32nd Street,Single Lot,"$2,000,000",RI Luxury Homes,James Fancher,,,,2026-08-02,sold,29.81645,-95.40394,
act_3716-ella-boulevard,3716 Ella Boulevard,Single Lot,"$1,113,000",Homebound,Ben Caballero,,,,2026-08-02,sold,29.821796,-95.429202,
act_3720-ella-boulevard,3720 Ella Boulevard,Single Lot,"$1,200,000",Houston Home,Kenneth Zarella,,,,2026-08-02,sold,29.82191,-95.429229,
act_408-w-31st-street,408 W 31st Street,Single Lot,"$2,581,859",Bartula Brothers Con,Deanna Zugheri,,,,2026-08-02,sold,29.815312,-95.404488,
act_412-w-31st-street,412 W 31st Street,Single Lot,"$2,055,000",Bartula Brothers,Deanna Zugheri,,,,2026-08-02,sold,29.81514,-95.404748,
act_4231-apollo-street,4231 Apollo Street,Single Lot,"$845,000",Oak Forest Builders,Asami Gold,,,,2026-08-02,sold,29.827118,-95.428702,
act_4247-apollo-street,4247 Apollo Street,Single Lot,"$912,000",CleanSlate,Megan Latour,,,,2026-08-02,sold,29.827735,-95.428666,
act_4311-piney-woods-drive,4311 Piney Woods Drive,Single Lot,"$1,395,000",White Nest,Kristina Metoyer,,,,2026-08-02,sold,29.828392,-95.441273,
act_4516-de-lange,4516 De Lange,Single Lot,"$729,000",Oak Forest Builders,Adam Robertson,,,,2026-08-02,sold,29.836927,-95.458328,
act_4701-de-milo-drive,4701 De Milo Drive,Single Lot,"$899,000",SterlingConstruction,Andrew Doonan,,,,2026-08-02,sold,29.834106,-95.460417,
act_4902-oak-forest-drive,4902 Oak Forest Drive,Single Lot,"$1,900,000",Wood Custom Homes,Mel Reyna,,,,2026-08-02,sold,29.836227,-95.435341,
act_532-w-33rd-street,532 W 33rd Street,Single Lot,"$1,995,500",Bartula Bros Constr,Deanna Zugheri,,,,2026-08-02,sold,29.816909,-95.407973,
act_703-w-42nd-street,703 W 42nd Street,Single Lot,"$950,000",Great Happens LLC,Patrick Burbridge,,,,2026-08-02,sold,29.825424,-95.410928,
act_705-w-42nd-street,705 W 42nd Street,Single Lot,"$965,000",Harrisburg,Sepi Akhavi,,,,2026-08-02,sold,29.825404,-95.41114,
act_710-sue-barnett-drive,710 Sue Barnett Drive,Single Lot,"$2,100,000",Deacon Builders,Jeffrey Welch,,,,2026-08-02,sold,29.820114,-95.411287,
act_730-w-42nd-street,730 W 42nd Street,Single Lot,"$1,499,990",Ranier Custom Homes,Deanna Zugheri,,,,2026-08-02,sold,29.826112,-95.412646,
act_742-sue-barnett-drive,742 Sue Barnett Drive,Single Lot,"$2,314,136",New Oak Homes,Adam Robertson,,,,2026-08-02,sold,29.82002,-95.413146,
act_813-w-32nd-street,813 W 32nd Street,Single Lot,"$2,149,000",RobRyan Builders,David Vallejo,,,,2026-08-02,sold,29.815985,-95.413478,
act_814-31st-street,814 31st Street,Single Lot,"$1,375,000",Homebound,Ben Caballero,,,,2026-08-02,sold,29.815309,-95.413322,
act_825-w-30th-street,825 W 30th Street,Single Lot,"$1,135,000",KJG Builders,Jay Bradley,,,,2026-08-02,sold,29.813758,-95.414088,
act_855-w-42nd-street,855 W 42nd Street,Single Lot,"$1,750,000",Arch Angelo Homes,Kristine Martinez,,,,2026-08-02,sold,29.824937,-95.417936,
act_859-w-41st-street,859 W 41st Street,Single Lot,"$1,715,000",Arch Angelo Homes,Kristine Martinez,,,,2026-08-02,sold,29.823957,-95.417968,
act_863-w-41st-street,863 W 41st Street,Single Lot,"$1,850,000",Arch Angelo Homes,Kristine Martinez,,,,2026-08-02,sold,29.823966,-95.418184,
act_874-w-41st-street,874 W 41st Street,Single Lot,"$1,689,891",RobRyan Builders,David Vallejo,,,,2026-08-02,sold,29.824459,-95.418891,
act_878-w-41st-street,878 W 41st Street,Single Lot,"$2,308,500","Arch Angelo Homes, LLC",Tim Surratt,,,,2026-08-02,sold,29.824489,-95.419136,
act_910-w-41st-street,910 W 41st Street,Single Lot,"$1,530,000",Homebound,Ben Caballero,,,,2026-08-02,sold,29.824433,-95.420867,
act_927-w-43rd-street,927 W 43rd Street,Single Lot,"$1,290,000",Wise Design LLC,Adam Robertson,,,,2026-08-02,sold,29.827888,-95.42109,
act_935-gardenia-drive,935 Gardenia Drive,Single Lot,"$1,275,000",Hess Homes,Harley Hedgpeth,,,,2026-08-02,sold,29.826235,-95.421795,
act_938-gardenia-drive,938 Gardenia Drive,Single Lot,"$1,650,000","H-Tex Enterprises, LLC",Marc Allen Ziegler,,,,2026-08-02,sold,29.826721,-95.421513,
act_943-w-42nd-street,943 W 42nd Street,Single Lot,"$1,425,000",,Rachel Conkling,,,,2026-08-02,sold,29.82536,-95.422245,
act_958-gardenia-drive,958 Gardenia Drive,Single Lot,"$1,600,000",Homebound,Ben Caballero,,,,2026-08-02,sold,29.827068,-95.422443,
act_958-w-42nd-street,958 W 42nd Street,Single Lot,"$1,465,000",Bossi Properties LLC,Christerpher Jones,,,,2026-08-02,sold,29.826171,-95.422953,
act_962-gardenia-drive,962 Gardenia Drive,Single Lot,"$1,400,000",Texas 143 Builders LLC,Harris Benson,,,,2026-08-02,sold,29.827103,-95.422613,
act_962-lamonte-lane,962 Lamonte Lane,Single Lot,"$1,625,000",Hess Homes,Randall Doe,,,,2026-08-02,sold,29.828078,-95.422738,
act_967-w-42nd-street,967 W 42nd Street,Single Lot,"$1,425,000",Stone Throw Builders,Jason Jones,,,,2026-08-02,sold,29.825769,-95.423268,
act_971-lamonte-lane,971 Lamonte Lane,Single Lot,"$1,150,000",Facundo Homebuilders,Vicki Barazandeh,,,,2026-08-02,sold,29.827617,-95.423251,
act_971-w-43rd-street,971 W 43rd Street,Single Lot,"$885,000",K.Simon Construction,Deanna Zugheri,,,,2026-08-02,sold,29.828376,-95.423099,
act_974-w-41st-street,974 W 41st Street,Single Lot,"$1,295,000",Harvard Homes,Michael Silva,,,,2026-08-02,sold,29.824285,-95.424211,
