bucket,group,address,data_id,current_label,hcad_acct,legal_lines,whole_lots,tracts,hcad_area_sf,har_lot,plat_median_sf,plat_risk,chain_marker,unit_letter,parcel_events,deciding_signal,evidence_needed
RESOLVED-SPLIT,A,845 West 23rd Street,,Single Lot,0200460000024,LTS 24 & 25 BLK 50|HOUSTON HEIGHTS,2,0,6550,,6550,,,,,"2 lettered units on one parcel (6,550 sf)",
RESOLVED-SPLIT,B,"118 E 23rd St, Houston, Tx 77008",2131144961,Split Lot,0200540000019,,,,3500,7250,7250,,yes,,SPLIT 2025_Oct->2026_Jul,"parcel SPLIT into half lots (children ~3,500 sf)",
RESOLVED-SPLIT,B,"314 W 21st St, Houston, Tx 77008",2131186599,Split Lot,0200810000007,LT 7 & TR 53 BLK 85|HOUSTON HEIGHTS,1,1,3500,7000,4666,YES,,,SPLIT 2025_Oct->2026_Jul,"parcel SPLIT into half lots (children ~3,500 sf)",
RESOLVED-SPLIT,B,845 West 23rd Street,act_845-w-23,Single Lot,0200460000024,LTS 24 & 25 BLK 50|HOUSTON HEIGHTS,2,0,6550,2455,6550,,,,,"2 lettered units on one parcel (6,550 sf)",
RESOLVED-SPLIT,B+C,"241 W 26th St, Houston, Tx 77008",2131282255,(unlabeled),0200240000028,,,,3275,6550,3275,,,,SPLIT 2025_Oct->2026_Jul,"parcel SPLIT into half lots (children ~3,275 sf)",
RESOLVED-SPLIT,B+C,"837 W 25th St, Houston, Tx 77008",2131282520,(unlabeled),0200310000027,LT 27 BLK 35|HOUSTON HEIGHTS,1,0,3275,6550,3275,,,,SPLIT 2025_Oct->2026_Jul,"parcel SPLIT into half lots (children ~3,275 sf)",
RESOLVED-SPLIT,C,"1124 W 21st St, Houston, Tx 77008",2131200959,(unlabeled),0610190030009,TR 9A BLK 3|QUENSELL LAWN,0,1,4294,4620,7250,,,,,"4,294 sf = 59% of plat median 7,250",
RESOLVED-SPLIT,C,"845 W 23rd St A, Houston, TX 77008",pmt_845-w-23rd-st-a-77008,(unlabeled),0200460000024,LTS 24 & 25 BLK 50|HOUSTON HEIGHTS,2,0,6550,,6550,,,yes,,"2 lettered units on one parcel (6,550 sf)",
RESOLVED-SPLIT,C,"845 W 23rd St B, Houston, TX 77008",pmt_845-w-23rd-st-b-77008,(unlabeled),0200460000024,LTS 24 & 25 BLK 50|HOUSTON HEIGHTS,2,0,6550,,6550,,,yes,,"2 lettered units on one parcel (6,550 sf)",
GENUINELY-AMBIGUOUS,A,1016 E 27 th Street,,Single Lot,,,,,,,,,,,,"no parcel, no legal",geocode fix — no HCAD parcel contains this pin
GENUINELY-AMBIGUOUS,A,"1104 Gibbs St, Houston, TX 77009",,Single Lot,,,,,,,,,,,,"no parcel, no legal",geocode fix — no HCAD parcel contains this pin
GENUINELY-AMBIGUOUS,A,"1126 W 22nd St, Houston, Tx 77008",,(unlabeled),0610190020015,LTS 14 & 15 BLK 2|QUENSELL LAWN,2,0,14500,,7250,,,,,"14,500 sf — larger than any Heights full lot","unit count / site plan — too large for a lot-level product, likely Common Driveway or commercial"
GENUINELY-AMBIGUOUS,A,1207 Tabor Street,,Single Lot,,,,,,,,,,,,"no parcel, no legal",geocode fix — no HCAD parcel contains this pin
GENUINELY-AMBIGUOUS,A,"1610 W 21st St, Houston, Tx 77008",,(unlabeled),0561660000250,LTS 250 & 251|SHADY ACRES SEC 2,2,0,12654,,8206,,,,,"12,654 sf — larger than any Heights full lot","unit count / site plan — too large for a lot-level product, likely Common Driveway or commercial"
GENUINELY-AMBIGUOUS,A,1906 W 14th,,Single Lot,,,,,,,,,,,,"no parcel, no legal",geocode fix — no HCAD parcel contains this pin
GENUINELY-AMBIGUOUS,A,"427 E 24th St, Houston, Tx 77008",,(unlabeled),0350980560013,LTS 13 THRU 17 BLK 56|SUNSET HEIGHTS,5,0,14670,,5520,,,,,"14,670 sf — larger than any Heights full lot","unit count / site plan — too large for a lot-level product, likely Common Driveway or commercial"
GENUINELY-AMBIGUOUS,A,602 Jewett Street Unit#B,,Split Lot,,,,,,,,,,yes,,"no parcel, no legal",geocode fix — no HCAD parcel contains this pin
GENUINELY-AMBIGUOUS,A,"731 E 27th St, Houston, Tx 77009",,(unlabeled),0350810220024,LTS 24 THRU 29 BLK 22|SUNSET HEIGHTS,6,0,18000,,3015,,,,,"18,000 sf — larger than any Heights full lot","unit count / site plan — too large for a lot-level product, likely Common Driveway or commercial"
GENUINELY-AMBIGUOUS,A,"838 Waverly St, Houston, Tx 77007",,(unlabeled),0202370000031,LTS 31 32 & 33 BLK 241|HOUSTON HEIGHTS,3,0,13200,,4457,,,,,"13,200 sf — larger than any Heights full lot","unit count / site plan — too large for a lot-level product, likely Common Driveway or commercial"
GENUINELY-AMBIGUOUS,B,611 E 25th Street Unit#A,act_611-e-25th-street-unit-a,Split Lot,1398280010001,RES A BLK 1|SOJOURN HEIGHTS,0,0,17880,3000,,,yes,yes,,"17,880 sf — larger than any Heights full lot","unit count / site plan — too large for a lot-level product, likely Common Driveway or commercial"
GENUINELY-AMBIGUOUS,C,"1126 W 22nd St, Houston, Tx 77008",2131200820,(unlabeled),0610190020015,LTS 14 & 15 BLK 2|QUENSELL LAWN,2,0,14500,14500,7250,,,,,"14,500 sf — larger than any Heights full lot","unit count / site plan — too large for a lot-level product, likely Common Driveway or commercial"
GENUINELY-AMBIGUOUS,C,"1138 Fugate St, Houston, TX 77009",pmt_1138-fugate-st-77009,(unlabeled),,,,,,,,,,,,"no parcel, no legal",geocode fix — no HCAD parcel contains this pin
GENUINELY-AMBIGUOUS,C,"1211 Gibbs St, Houston, Tx 77009",2131318291,(unlabeled),0350930450029,LTS 29 THRU 34 BLK 45|SUNSET HEIGHTS,6,0,20491,20812,5989,,,,,"20,491 sf — larger than any Heights full lot","unit count / site plan — too large for a lot-level product, likely Common Driveway or commercial"
GENUINELY-AMBIGUOUS,C,"1211 N Durham Dr, Houston, Tx 77008",2131179219,(unlabeled),1468120010001,RES A BLK 1|FUR PAWS CENTER,0,0,12400,12400,,,,,,"12,400 sf — larger than any Heights full lot","unit count / site plan — too large for a lot-level product, likely Common Driveway or commercial"
GENUINELY-AMBIGUOUS,C,"1219 Bay Oaks Rd, Houston, Tx 77008",2131537524,(unlabeled),0771810060016,LT 16 BLK 6|TIMBERGROVE MANOR,1,0,16834,17600,7784,,,,,"16,834 sf — larger than any Heights full lot","unit count / site plan — too large for a lot-level product, likely Common Driveway or commercial"
GENUINELY-AMBIGUOUS,C,"1300 Waverly St, Houston, Tx 77008",2131146860,(unlabeled),0201720000019,LTS 19A 20A & 21A BLK 176|HOUSTON HEIGHTS,0,3,4932,5200,7263,,,,,"4,932 sf = 68% of plat median 7,263",frontage/depth from the parcel polygon (50x100 full vs 25x100 half)
GENUINELY-AMBIGUOUS,C,"1518 W 25th St, Houston, Tx 77008",2131330179,(unlabeled),0561650000288,TR 141E|SHADY ACRES SEC 2,0,1,20117,20136,5444,,,,,"20,117 sf — larger than any Heights full lot","unit count / site plan — too large for a lot-level product, likely Common Driveway or commercial"
GENUINELY-AMBIGUOUS,C,"1522 Glen Oaks St, Houston, Tx 77008",2131538738,(unlabeled),0771820170006,LT 6 BLK 17|TIMBERGROVE MANOR SEC 3,1,0,15954,16290,8706,,,,,"15,954 sf — larger than any Heights full lot","unit count / site plan — too large for a lot-level product, likely Common Driveway or commercial"
GENUINELY-AMBIGUOUS,C,"1602 Turnpike Rd, Houston, TX 77008",pmt_1602-turnpike-rd-77008,(unlabeled),0771820170019,LT 19 BLK 17|TIMBERGROVE MANOR SEC 3,1,0,17339,,8706,,,,,"17,339 sf — larger than any Heights full lot","unit count / site plan — too large for a lot-level product, likely Common Driveway or commercial"
GENUINELY-AMBIGUOUS,C,"1610 W 21st St, Houston, Tx 77008",2131331239,(unlabeled),0561660000250,LTS 250 & 251|SHADY ACRES SEC 2,2,0,12654,12600,8206,,,,,"12,654 sf — larger than any Heights full lot","unit count / site plan — too large for a lot-level product, likely Common Driveway or commercial"
GENUINELY-AMBIGUOUS,C,"1808 N Shepherd Dr, Houston, Tx 77008",2131187484,(unlabeled),1455700010001,RES A BLK 1|HEIGHTS HAVEN,0,0,19650,19646,,,,,,"19,650 sf — larger than any Heights full lot","unit count / site plan — too large for a lot-level product, likely Common Driveway or commercial"
GENUINELY-AMBIGUOUS,C,"2119 Gostick St, Houston, Tx 77008",2131129729,(unlabeled),0151570000010,TRS 10 & 11A BLK 1|GOSTICK,0,2,4600,4600,5700,,,,,"4,600 sf = 81% of plat median 5,700",frontage/depth from the parcel polygon (50x100 full vs 25x100 half)
GENUINELY-AMBIGUOUS,C,"2436 White Oak Dr, Houston, TX 77009",pmt_2436-white-oak-dr-77009,(unlabeled),,,,,,,,,,,,"no parcel, no legal",geocode fix — no HCAD parcel contains this pin
GENUINELY-AMBIGUOUS,C,"404 W 21st St, Houston, Tx 77008",2131186526,(unlabeled),0200800000001,LTS 1 THRU 9 BLK 84|HOUSTON HEIGHTS,9,0,29473,29475,6550,,,,,"29,473 sf — larger than any Heights full lot","unit count / site plan — too large for a lot-level product, likely Common Driveway or commercial"
GENUINELY-AMBIGUOUS,C,"423 E 28th St, Houston, Tx 77008",2131207530,(unlabeled),0350760120013,LT 13 & TR 14A BLK 12|SUNSET HEIGHTS,1,1,4448,4350,5754,,,,,"4,448 sf = 77% of plat median 5,754",frontage/depth from the parcel polygon (50x100 full vs 25x100 half)
GENUINELY-AMBIGUOUS,C,"427 E 24th St, Houston, Tx 77008",2131318786,(unlabeled),0350980560013,LTS 13 THRU 17 BLK 56|SUNSET HEIGHTS,5,0,14670,15000,5520,,,,,"14,670 sf — larger than any Heights full lot","unit count / site plan — too large for a lot-level product, likely Common Driveway or commercial"
GENUINELY-AMBIGUOUS,C,"519 Threlkeld St, Houston, Tx 77007",2130814684,(unlabeled),1244690010005,LT 5 BLK 1|THRELKELD POINT,1,0,4758,4758,,,,,,"4,758 sf in the 4-5k dead zone, no plat median",per-plat threshold or frontage measurement
GENUINELY-AMBIGUOUS,C,"631 Mazal (Pvt) Ln, Houston, TX 77009",pmt_631-mazal-pvt-ln-77009,(unlabeled),1368390010007,LTS 7 8 & 9 BLK 1|NORTHWOOD ESTATES,3,0,4170,,1399,,yes,,,"legal claims 3 lots but only 4,170 sf",HCAD legal refresh / plat check — is the legal stale after a split?
GENUINELY-AMBIGUOUS,C,"707 E 6th 1/2 St, Houston, Tx 77007",2131074923,(unlabeled),0350290550020,LTS 21 22 & 23 & TRS 20 & 24|BLK 55|STUDES SEC 2,3,2,24983,23750,6250,,,,,"24,983 sf — larger than any Heights full lot","unit count / site plan — too large for a lot-level product, likely Common Driveway or commercial"
GENUINELY-AMBIGUOUS,C,"710 E 13th St, Houston, Tx 77008",2161199012,(unlabeled),1393250010002,LT 2 BLK 1|EAST 13TH STREET GROVE,1,0,4785,4784,,,,,,"4,785 sf in the 4-5k dead zone, no plat median",per-plat threshold or frontage measurement
GENUINELY-AMBIGUOUS,C,"731 E 27th St, Houston, Tx 77009",2131208376,(unlabeled),0350810220024,LTS 24 THRU 29 BLK 22|SUNSET HEIGHTS,6,0,18000,18000,3015,,,,,"18,000 sf — larger than any Heights full lot","unit count / site plan — too large for a lot-level product, likely Common Driveway or commercial"
GENUINELY-AMBIGUOUS,C,"745 E 11th 1/2 St, Houston, Tx 77008",2131240334,(unlabeled),0350190360013,LTS 13 & 14 BLK 36|STUDES SEC 2,2,0,12473,12500,6243,,,,,"12,473 sf — larger than any Heights full lot","unit count / site plan — too large for a lot-level product, likely Common Driveway or commercial"
GENUINELY-AMBIGUOUS,C,"745 W 17th St, Houston, TX 77008",pmt_745-w-17th-st-77008,(unlabeled),1365530010001,LTS 1 THRU 10 BLK 1|CITY VIEW LOFTS AT W 17TH,10,0,16983,,,,,,,"16,983 sf — larger than any Heights full lot","unit count / site plan — too large for a lot-level product, likely Common Driveway or commercial"
GENUINELY-AMBIGUOUS,C,"832 E 27th St, Houston, TX 77009",pmt_832-e-27th-st-77009,(unlabeled),,,,,,,,,,,,"no parcel, no legal",geocode fix — no HCAD parcel contains this pin
GENUINELY-AMBIGUOUS,C,"835 Lawrence St, Houston, TX 77007",pmt_835-lawrence-st-77007,(unlabeled),0621980020043,LTS 43 & 44 & S 7 FT OF LT 45 BLK 2|HARDING HEIGHTS,3,0,5700,,2750,,,,,"legal claims 3 lots but only 5,700 sf",HCAD legal refresh / plat check — is the legal stale after a split?
GENUINELY-AMBIGUOUS,C,"838 Waverly St, Houston, Tx 77007",2131044801,(unlabeled),0202370000031,LTS 31 32 & 33 BLK 241|HOUSTON HEIGHTS,3,0,13200,13200,4457,,,,,"13,200 sf — larger than any Heights full lot","unit count / site plan — too large for a lot-level product, likely Common Driveway or commercial"
GENUINELY-AMBIGUOUS,C,"902 W 22nd St, Houston, Tx 77008",2131200768,(unlabeled),0610190010019,LTS 22 23 & 24 BLK 1|QUENSELL LAWN,3,0,23940,22028,7250,,,,,"23,940 sf — larger than any Heights full lot","unit count / site plan — too large for a lot-level product, likely Common Driveway or commercial"
GENUINELY-AMBIGUOUS,C,"905 Bay Oaks Rd, Houston, Tx 77008",2131538718,(unlabeled),0771820160010,LT 10 BLK 16|TIMBERGROVE MANOR SEC 3,1,0,13835,14450,8706,,,,,"13,835 sf — larger than any Heights full lot","unit count / site plan — too large for a lot-level product, likely Common Driveway or commercial"
GENUINELY-AMBIGUOUS,C,"906 W 20th St A, Houston, TX 77008",pmt_906-w-20th-st-a-77008,(unlabeled),0561670000432,TR 317C|SHADY ACRES EXTN SEC 3,0,1,10889,,3824,,yes,yes,,"5 lettered units on one parcel (10,889 sf)",not a Single/Split call — Common Driveway or multi-unit; confirm unit count and use that category
GENUINELY-AMBIGUOUS,C,"906 W 20th St B, Houston, TX 77008",pmt_906-w-20th-st-b-77008,(unlabeled),0561670000432,TR 317C|SHADY ACRES EXTN SEC 3,0,1,10889,,3824,,yes,yes,,"5 lettered units on one parcel (10,889 sf)",not a Single/Split call — Common Driveway or multi-unit; confirm unit count and use that category
GENUINELY-AMBIGUOUS,C,"906 W 20th St C, Houston, TX 77008",pmt_906-w-20th-st-c-77008,(unlabeled),0561670000432,TR 317C|SHADY ACRES EXTN SEC 3,0,1,10889,,3824,,yes,yes,,"5 lettered units on one parcel (10,889 sf)",not a Single/Split call — Common Driveway or multi-unit; confirm unit count and use that category
GENUINELY-AMBIGUOUS,C,"906 W 20th St E, Houston, TX 77008",pmt_906-w-20th-st-e-77008,(unlabeled),0561670000432,TR 317C|SHADY ACRES EXTN SEC 3,0,1,10889,,3824,,yes,yes,,"5 lettered units on one parcel (10,889 sf)",not a Single/Split call — Common Driveway or multi-unit; confirm unit count and use that category
GENUINELY-AMBIGUOUS,C,"906 W 20th St F, Houston, TX 77008",pmt_906-w-20th-st-f-77008,(unlabeled),0561670000432,TR 317C|SHADY ACRES EXTN SEC 3,0,1,10889,,3824,,yes,yes,,"5 lettered units on one parcel (10,889 sf)",not a Single/Split call — Common Driveway or multi-unit; confirm unit count and use that category
GENUINELY-AMBIGUOUS,C,"Enid St, Houston, Tx 77009",2177158676,(unlabeled),0690710020001,LT 1 BLK 1|MCFARLAND COURT 3RD PAR R/P,1,0,4111,4111,6479,,,,,"4,111 sf = 63% of plat median 6,479",frontage/depth from the parcel polygon (50x100 full vs 25x100 half)
GENUINELY-AMBIGUOUS,C,"Enid St, Houston, Tx 77009",2177158678,(unlabeled),0690710020003,LT 3 BLK 1|MCFARLAND COURT 3RD PAR R/P,1,0,4112,4111,6479,,,,,"4,112 sf = 63% of plat median 6,479",frontage/depth from the parcel polygon (50x100 full vs 25x100 half)
RESOLVED-SINGLE,A,1011 E 25th Street,,Single Lot,0350930460040,LTS 40 41 42 & 43 BLK 46|SUNSET HEIGHTS,4,0,11971,,5989,,,,,"legal assembled 4 lots, 11,971 sf >= 4x2400",
RESOLVED-SINGLE,A,"117 E 25th St, Houston, Tx 77008",,(unlabeled),0562820000009,LTS 8 & 9 BLK 8|MILROY PLACE,2,0,9464,,4836,YES,,,,"legal assembled 2 lots, 9,464 sf >= 2x2400",
RESOLVED-SINGLE,A,"1310 Omar St, Houston, Tx 77008",,(unlabeled),0350240460009,LTS 9 & 10 BLK 46|STUDES SEC 2,2,0,6261,,6255,,,,,"legal assembled 2 lots, 6,261 sf >= 2x2400",
RESOLVED-SINGLE,A,"1402 W 14th St, Houston, Tx 77008",,(unlabeled),0391270000026,LTS 1058 & 1059|HOUSTON HEIGHTS ANNEX,2,0,4973,,3700,,,,,"legal assembled 2 lots, 4,973 sf >= 2x2400",
RESOLVED-SINGLE,A,"1436 Dorothy St, Houston, Tx 77008",,(unlabeled),0391210000738,LTS 738 & 739|HOUSTON HEIGHTS ANNEX,2,0,5050,,2525,,,,,"legal assembled 2 lots, 5,050 sf >= 2x2400",
RESOLVED-SINGLE,A,"201 E 26th St, Houston, Tx 77008",,(unlabeled),0350870330033,LTS 33 & 34 & TR 32A BLK 33|SUNSET HEIGHTS,2,1,6655,,3000,,,,,"legal assembled 2 lots, 6,655 sf >= 2x2400",
RESOLVED-SINGLE,A,"212 E 25th St, Houston, Tx 77008",,(unlabeled),0562800000012,LT 12 & E 7FT OF LT 13 BLK 6|MILROY PLACE,2,0,5908,,5253,YES,,,,"legal assembled 2 lots, 5,908 sf >= 2x2400",
RESOLVED-SINGLE,A,227 E 26th Street,,Split Lot,0350870330001,LTS 1 2 & 3 BLK 33|SUNSET HEIGHTS,3,0,9000,,3000,,,,,"legal assembled 3 lots, 9,000 sf >= 3x2400",
RESOLVED-SINGLE,A,231 E 26th Street,,Single Lot,0350870330001,LTS 1 2 & 3 BLK 33|SUNSET HEIGHTS,3,0,9000,,3000,,,,,"legal assembled 3 lots, 9,000 sf >= 3x2400",
RESOLVED-SINGLE,A,248 W 22nd Street,,Single Lot,0200690000048,LTS 24 & 25 & TR 59 BLK 73|HOUSTON HEIGHTS,2,1,7050,,7050,,,,,"legal assembled 2 lots, 7,050 sf >= 2x2400",
RESOLVED-SINGLE,A,"310 E 25th St, Houston, Tx 77008",,Single Lot,0350980550005,LTS 5 & 6 BLK 55|SUNSET HEIGHTS,2,0,6085,,5520,,,,,"legal assembled 2 lots, 6,085 sf >= 2x2400",
RESOLVED-SINGLE,A,"318 W 21st St B (est), Houston, TX 77008",,(unlabeled),0200810000009,LTS 9 10 & TRS 11 & 54 BLK 85|HOUSTON HEIGHTS,2,2,10360,,4666,YES,,yes,,"legal assembled 2 lots, 10,360 sf >= 2x2400",
RESOLVED-SINGLE,A,318 W 21st Street,,Split Lot,0200810000009,LTS 9 10 & TRS 11 & 54 BLK 85|HOUSTON HEIGHTS,2,2,10360,,4666,YES,,,,"legal assembled 2 lots, 10,360 sf >= 2x2400",
RESOLVED-SINGLE,A,"433 W 23rd St, Houston, TX 77008",,Single Lot,0200420000034,LTS 34 35 & 36 BLK 46|HOUSTON HEIGHTS,3,0,9825,,3279,,,,,"legal assembled 3 lots, 9,825 sf >= 3x2400",
RESOLVED-SINGLE,A,"500 Aurora St, Houston, Tx 77008",,(unlabeled),0350950500001,LTS 1 & 2 BLK 50|SUNSET HEIGHTS,2,0,6000,,6000,,,,,"legal assembled 2 lots, 6,000 sf >= 2x2400",
RESOLVED-SINGLE,A,"520 W 24th St, Houston, Tx 77008",,(unlabeled),0200430000011,LTS 11 & 12 BLK 47|HOUSTON HEIGHTS,2,0,6550,,3275,,,,,"legal assembled 2 lots, 6,550 sf >= 2x2400",
RESOLVED-SINGLE,A,"602 E 29th St, Houston, Tx 77008",,(unlabeled),0350760110016,LTS 16 & 17 BLK 11|SUNSET HEIGHTS,2,0,6000,,5754,,,,,"legal assembled 2 lots, 6,000 sf >= 2x2400",
RESOLVED-SINGLE,A,603 E 23rd Street,,Single Lot,0351050690021,LTS 21 & 22 BLK 69|SUNSET HEIGHTS,2,0,6000,,5966,,,,,"legal assembled 2 lots, 6,000 sf >= 2x2400",
RESOLVED-SINGLE,A,"608 E 29th St, Houston, Tx 77008",,(unlabeled),0350760110018,LTS 18 19 20 & 21 BLK 11|SUNSET HEIGHTS,4,0,12000,,5754,,,,,"legal assembled 4 lots, 12,000 sf >= 4x2400",
RESOLVED-SINGLE,A,"614 E 26th St, Houston, Tx 77008",,Single Lot,0350900400006,LTS 6 & 7 BLK 40|SUNSET HEIGHTS,2,0,6000,,5975,,,,,"legal assembled 2 lots, 6,000 sf >= 2x2400",
RESOLVED-SINGLE,A,"629 E 26th St, Houston, TX 77008",,Single Lot,0350850290026,LTS 26 & 27 BLK 29|SUNSET HEIGHTS,2,0,6195,,3001,,,,,"legal assembled 2 lots, 6,195 sf >= 2x2400",
RESOLVED-SINGLE,A,"716 E 25th St, Houston, Tx 77008",,(unlabeled),0351000590008,LTS 8 9 & 10 BLK 59|SUNSET HEIGHTS,3,0,9000,,4500,,,,,"legal assembled 3 lots, 9,000 sf >= 3x2400",
RESOLVED-SINGLE,A,"741 W 21st St, Houston, Tx 77008",,(unlabeled),0200740000027,LTS 27 & 28 BLK 78|HOUSTON HEIGHTS,2,0,6550,,5240,YES,,,,"legal assembled 2 lots, 6,550 sf >= 2x2400",
RESOLVED-SINGLE,A,"826 E 27th St, Houston, TX 77009",,Single Lot,0350840270012,LTS 12 & 13 BLK 27|SUNSET HEIGHTS,2,0,6000,,5256,YES,,,,"legal assembled 2 lots, 6,000 sf >= 2x2400",
RESOLVED-SINGLE,A,"830 E 26th St, Houston, Tx 77009",,(unlabeled),0350910420014,LTS 14 & 15 BLK 42|SUNSET HEIGHTS,2,0,6000,,4500,,,,,"legal assembled 2 lots, 6,000 sf >= 2x2400",
RESOLVED-SINGLE,A,830 E 27th Street,,Single Lot,0350820230037,LTS 37 & 38 BLK 23|SUNSET HEIGHTS,2,0,6010,,5980,,,,,"legal assembled 2 lots, 6,010 sf >= 2x2400",
RESOLVED-SINGLE,A,"839 E 26th St, Houston, Tx 77009",,(unlabeled),0350840270029,LTS 29 & 30 BLK 27|SUNSET HEIGHTS,2,0,6000,,5256,YES,,,,"legal assembled 2 lots, 6,000 sf >= 2x2400",
RESOLVED-SINGLE,A,"845 E 26th St, Houston, TX 77009",,Single Lot,0350840270025,LTS 25 & 26 BLK 27|SUNSET HEIGHTS,2,0,6000,,5256,YES,,,,"legal assembled 2 lots, 6,000 sf >= 2x2400",
RESOLVED-SINGLE,A,902 E 25TH Street,,Single Lot,0351010610001,LTS 1 & 2 BLK 61|SUNSET HEIGHTS,2,0,6090,,5919,,,,,"legal assembled 2 lots, 6,090 sf >= 2x2400",
RESOLVED-SINGLE,A,920 E 25TH Street,,Single Lot,0351010610010,LTS 10 & 11 BLK 61|SUNSET HEIGHTS,2,0,6060,,5919,,,,,"legal assembled 2 lots, 6,060 sf >= 2x2400",
RESOLVED-SINGLE,A,"930 Waverly St, Houston, TX 77008",,Single Lot,0202320000030,LTS 30 & 31 BLK 236|HOUSTON HEIGHTS,2,0,8803,,6618,,,,,"legal assembled 2 lots, 8,803 sf >= 2x2400",
RESOLVED-SINGLE,B,107 E 24th Street,act_107-e-24,Single Lot,0562750000011,LT 11 BLK 1|MILROY PLACE,1,0,5006,3394,5208,YES,,,,"legal LT n + 5,006 sf full lot",
RESOLVED-SINGLE,B,111 E 18th Street,act_111-e-18,Single Lot,0201320000001,LT 1 BLK 136|HOUSTON HEIGHTS,1,0,6633,2892,6633,,,,,"legal LT n + 6,633 sf full lot",
RESOLVED-SINGLE,B,1218 Prince Street,act_1218-prince-street,Split Lot,0582430030008,LT 8 BLK C|SHADYWOOD,1,0,6200,2576,6271,,,,,"legal LT n + 6,200 sf full lot",
RESOLVED-SINGLE,B,1315 Waverly Street,act_1315-waverly,Single Lot,1344550010001,LT 1 BLK 1|RENOVO HEIGHTS,1,0,8798,3610,,,,,,"legal LT n + 8,798 sf full lot",
RESOLVED-SINGLE,B,1321 Alexander Street,act_1321-alexander-street,Split Lot,0391310000012,LTS 1246 & 1247 & TR 1245A|HOUSTON HEIGHTS ANNEX,2,1,6358,3269,3366,,,,,"legal assembled 2 lots, 6,358 sf >= 2x2400",
RESOLVED-SINGLE,B,1326 Lawrence Street,act_1326-lawrence-street,Split Lot,0391320000033,LTS 1314 1315 & 1316|HOUSTON HEIGHTS ANNEX,3,0,7575,3000,2576,,yes,,,"legal assembled 3 lots, 7,575 sf >= 3x2400",
RESOLVED-SINGLE,B,1502 W 21st Street,act_1502-w-21,Split Lot,0561660000237,LT 237|SHADY ACRES SEC 2,1,0,7341,3727,8206,,,,,"legal LT n + 7,341 sf full lot",
RESOLVED-SINGLE,B,1504 W 21st Street,act_1504-w-21st-street,Split Lot,0561660000237,LT 237|SHADY ACRES SEC 2,1,0,7341,3316,8206,,,,,"legal LT n + 7,341 sf full lot",
RESOLVED-SINGLE,B,1520 W 21st St Unit#A,act_1520-w-21st-st-unit-a,Split Lot,0561660000335,LT 243|SHADY ACRES SEC 2,1,0,6284,2750,8206,,yes,yes,,"legal LT n + 6,284 sf full lot",
RESOLVED-SINGLE,B,227 E 26th Street,act_227-e-26th-street,Split Lot,0350870330001,LTS 1 2 & 3 BLK 33|SUNSET HEIGHTS,3,0,9000,2987,3000,,,,,"legal assembled 3 lots, 9,000 sf >= 3x2400",
RESOLVED-SINGLE,B,2603 JULIAN Street,act_2603-julian,Single Lot,0562890000003,LT 3 BLK 3|RIDGEMONT SEC 1,1,0,5169,3593,7624,,,,,"legal LT n + 5,169 sf full lot",
RESOLVED-SINGLE,B,3115 Beauchamp Street,act_3115-beauchamp,Single Lot,0372740000010,LT 2 & TRS 7A & 8A BLK 9|WOODLAND HEIGHTS,1,2,7497,3400,,,,,,"legal LT n + 2 TR + 7,497 sf full lot",
RESOLVED-SINGLE,B,318 W 21st Street,act_318-w-21st-street,Split Lot,0200810000009,LTS 9 10 & TRS 11 & 54 BLK 85|HOUSTON HEIGHTS,2,2,10360,2670,4666,YES,,,,"legal assembled 2 lots, 10,360 sf >= 2x2400",
RESOLVED-SINGLE,B,407 E 27TH Street,act_407-e-27th-street,Split Lot,0350800190018,LTS 18 & 19 BLK 19|SUNSET HEIGHTS,2,0,5945,3191,5866,,yes,,,"legal assembled 2 lots, 5,945 sf >= 2x2400",
RESOLVED-SINGLE,B,603 E 23rd Street,act_603-e-23,Single Lot,0351050690021,LTS 21 & 22 BLK 69|SUNSET HEIGHTS,2,0,6000,3970,5966,,,,,"legal assembled 2 lots, 6,000 sf >= 2x2400",
RESOLVED-SINGLE,B,611 E 25th Street Unit#B,act_611-e-25th-street-unit-b,Split Lot,0350950490019,LTS 19 & 20 BLK 49|SUNSET HEIGHTS,2,0,5996,3000,6000,,yes,yes,,"legal assembled 2 lots, 5,996 sf >= 2x2400",
RESOLVED-SINGLE,B,616 Ridge Street,act_616-ridge,Single Lot,0611820050007,LT 7 BLK 5|WOODLAND TERRACE,1,0,5178,3960,4986,YES,,,,"legal LT n + 5,178 sf full lot",
RESOLVED-SINGLE,B,711 E 26TH Street,act_711-e-26th-street,Split Lot,0350840280027,LTS 27 & 28 BLK 28|SUNSET HEIGHTS,2,0,6000,3002,5256,YES,yes,,,"legal assembled 2 lots, 6,000 sf >= 2x2400",
RESOLVED-SINGLE,B,814 W 17TH Street,act_814-w-17th-street,Split Lot,0201220000007,LTS 7 & 8 BLK 126|TR D (ABANDONED ALLEYWAY)|HOUSTON HEIGHTS,2,0,7504,2496,6467,,yes,,,"legal assembled 2 lots, 7,504 sf >= 2x2400",
RESOLVED-SINGLE,B,830 E 27th Street,act_830-e-27,Single Lot,0350820230037,LTS 37 & 38 BLK 23|SUNSET HEIGHTS,2,0,6010,3521,5980,,,,,"legal assembled 2 lots, 6,010 sf >= 2x2400",
RESOLVED-SINGLE,B,902 E 25TH Street,act_902-e-25,Single Lot,0351010610001,LTS 1 & 2 BLK 61|SUNSET HEIGHTS,2,0,6090,3210,5919,,,,,"legal assembled 2 lots, 6,090 sf >= 2x2400",
RESOLVED-SINGLE,B,920 E 25TH Street,act_920-e-25,Split Lot,0351010610010,LTS 10 & 11 BLK 61|SUNSET HEIGHTS,2,0,6060,3134,5919,,,,,"legal assembled 2 lots, 6,060 sf >= 2x2400",
RESOLVED-SINGLE,B+C,1011 E 25th Street,act_1011-e-25,(unlabeled),0350930460040,LTS 40 41 42 & 43 BLK 46|SUNSET HEIGHTS,4,0,11971,3470,5989,,,,,"legal assembled 4 lots, 11,971 sf >= 4x2400",
RESOLVED-SINGLE,B+C,231 E 26th Street,act_231-e-26,(unlabeled),0350870330001,LTS 1 2 & 3 BLK 33|SUNSET HEIGHTS,3,0,9000,3920,3000,,,,,"legal assembled 3 lots, 9,000 sf >= 3x2400",
RESOLVED-SINGLE,C,"1003 Enid St, Houston, Tx 77009",2131312670,(unlabeled),0331310910008,LT 8 BLK 91|BROOKE SMITH,1,0,5000,5000,5000,YES,,,,"legal LT n + 5,000 sf full lot",
RESOLVED-SINGLE,C,"1007 Cordell St, Houston, Tx 77009",2131312288,(unlabeled),0331260820010,LT 10 BLK 82|BROOKE SMITH,1,0,5000,5000,5000,YES,,,,"legal LT n + 5,000 sf full lot",
RESOLVED-SINGLE,C,"1010 Woodland St, Houston, Tx 77009",2131374828,(unlabeled),0620660000003,LT 3 BLK 15|NORHILL,1,0,5078,5000,5092,YES,,,,"legal LT n + 5,078 sf full lot",
RESOLVED-SINGLE,C,"1013 Woodland St, Houston, TX 77009",pmt_1013-woodland-st-77009,(unlabeled),0620650000013,LT 13 BLK 14|NORHILL,1,0,5091,,5091,YES,,,,"legal LT n + 5,091 sf full lot",
RESOLVED-SINGLE,C,"1015 Adele St, Houston, Tx 77009",2131191611,(unlabeled),0350120060007,LT 7 BLK 6|STUDES SEC 1,1,0,4981,5000,5000,YES,,,,"4,981 sf = 100% of plat median 5,000",
RESOLVED-SINGLE,C,"1021 Nadine St, Houston, Tx 77009",2131191267,(unlabeled),0350110030005,LT 5 BLK 3|STUDES SEC 1,1,0,5000,5000,5000,YES,,,,"legal LT n + 5,000 sf full lot",
RESOLVED-SINGLE,C,"1023 Nashua St, Houston, Tx 77008",2131538429,(unlabeled),0771820140028,LT 28 BLK 14|TIMBERGROVE MANOR SEC 3,1,0,8628,8772,8706,,,,,"legal LT n + 8,628 sf full lot",
RESOLVED-SINGLE,C,"1025 Adele St, Houston, Tx 77009",2131191607,(unlabeled),0350120060004,LT 4 BLK 6|STUDES SEC 1,1,0,5371,5000,5000,YES,,,,"legal LT n + 5,371 sf full lot",
RESOLVED-SINGLE,C,"1032 Alexander St, Houston, Tx 77008",2131360701,(unlabeled),0600840070005,LT 5 BLK 7|WEST HEIGHTS,1,0,6000,6000,5999,,,,,"legal LT n + 6,000 sf full lot",
RESOLVED-SINGLE,C,"1032 Key St, Houston, TX 77009",pmt_1032-key-st-77009,(unlabeled),0621120000029,LT 8 BLK 133|NORTH NORHILL,1,0,5000,,5000,YES,,,,"legal LT n + 5,000 sf full lot",
RESOLVED-SINGLE,C,"1040 Louise St, Houston, TX 77009",pmt_1040-louise-st-77009,(unlabeled),0350120060019,LT 19 BLK 6|STUDES SEC 1,1,0,4908,,5000,YES,,,,"4,908 sf = 98% of plat median 5,000",
RESOLVED-SINGLE,C,"110 Harris Ct, Houston, Tx 77009",2131378379,(unlabeled),0572570000010,LT 10 & TR 8A|HARRIS COURT,1,1,4360,4150,4040,,,,,"4,360 sf = 108% of plat median 4,040",
RESOLVED-SINGLE,C,"1107 E 27th St, Houston, Tx 77009",2131242651,(unlabeled),0351100060003,LT 3 BLK 6|SUNSET HEIGHTS EXTN ,1,0,4999,5000,4999,YES,,,,"4,999 sf = 100% of plat median 4,999",
RESOLVED-SINGLE,C,"1115 Adele St, Houston, Tx 77009",2131191542,(unlabeled),0350120050008,LT 8 BLK 5|STUDES SEC 1,1,0,4999,5000,5000,YES,,,,"4,999 sf = 100% of plat median 5,000",
RESOLVED-SINGLE,C,"1118 Worthshire St, Houston, TX 77008",pmt_1118-worthshire-st-77008,(unlabeled),0771810090009,LT 9 BLK 9|TIMBERGROVE MANOR,1,0,6733,,7784,,,,,"legal LT n + 6,733 sf full lot",
RESOLVED-SINGLE,C,"1123 Nadine St, Houston, Tx 77009",2131191409,(unlabeled),0350110040006,LT 6 BLK 4|STUDES SEC 1,1,0,5000,5000,5000,YES,,,,"5,000 sf = 100% of plat median 5,000",
RESOLVED-SINGLE,C,"1128 Adele St, Houston, Tx 77009",2131191475,(unlabeled),0350110040018,LT 18 BLK 4|STUDES SEC 1,1,0,4996,5000,5000,YES,,,,"4,996 sf = 100% of plat median 5,000",
RESOLVED-SINGLE,C,"1141 Alexander St, Houston, Tx 77008",2131360412,(unlabeled),0600830020023,LT 23 BLK 2|WEST HEIGHTS,1,0,6010,6000,6000,,,,,"legal LT n + 6,010 sf full lot",
RESOLVED-SINGLE,C,"117 E 25th St, Houston, Tx 77008",2131437447,(unlabeled),0562820000009,LTS 8 & 9 BLK 8|MILROY PLACE,2,0,9464,9464,4836,YES,,,,"legal assembled 2 lots, 9,464 sf >= 2x2400",
RESOLVED-SINGLE,C,"117 Munford St, Houston, Tx 77008",2131437359,(unlabeled),0562790000009,LT 9 BLK 5|MILROY PLACE,1,0,5200,5200,5200,YES,,,,"legal LT n + 5,200 sf full lot",
RESOLVED-SINGLE,C,"118 E 24th St, Houston, Tx 77008",2131437170,(unlabeled),0562750000012,LT 12 BLK 1|MILROY PLACE,1,0,5069,5200,5208,YES,,,,"legal LT n + 5,069 sf full lot",
RESOLVED-SINGLE,C,"1201 Cordell St, Houston, Tx 77009",2131177133,(unlabeled),0331250800007,LT 7 BLK 80|BROOKE SMITH,1,0,5022,5000,4992,YES,,,,"legal LT n + 5,022 sf full lot",
RESOLVED-SINGLE,C,"1204 Cordell St, Houston, Tx 77009",2131176672,(unlabeled),0331220730005,LT 5 BLK 73|BROOKE SMITH,1,0,5000,5000,5000,YES,,,,"5,000 sf = 100% of plat median 5,000",
RESOLVED-SINGLE,C,"1208 Cordell St, Houston, Tx 77009",2131176668,(unlabeled),0331220730003,LT 3 BLK 73|BROOKE SMITH,1,0,5000,5000,5000,YES,,,,"5,000 sf = 100% of plat median 5,000",
RESOLVED-SINGLE,C,"122 Redan St, Houston, Tx 77009",2131318105,(unlabeled),0342540000006,LT 6 BLK 2|STINDE SEC 1,1,0,6350,6300,6350,,,,,"legal LT n + 6,350 sf full lot",
RESOLVED-SINGLE,C,"1225 Ashland St A, Houston, TX 77008",pmt_1225-ashland-st-a-77008,(unlabeled),0201770000009,LT 10 & TR 9 BLK 181|HOUSTON HEIGHTS,1,1,5800,,6456,,yes,yes,,"legal LT n + 1 TR + 5,800 sf full lot",
RESOLVED-SINGLE,C,"1230 W 26th St, Houston, Tx 77008",2131436719,(unlabeled),0561630000103,TR 19B|SHADY ACRES,0,1,5444,5520,2889,,,,,"legal TR only (1 frag) + 5,444 sf full lot",
RESOLVED-SINGLE,C,"1300 Waverly St, Houston, Tx 77008",2131146866,(unlabeled),0201720000038,TRS 19B 20B & 21B BLK 176|HOUSTON HEIGHTS,0,3,8059,8000,7263,,,,,"legal TR only (3 frag) + 8,059 sf full lot",
RESOLVED-SINGLE,C,"1306 W 21st St, Houston, Tx 77008",2131331131,(unlabeled),0561660000217,LT 217|SHADY ACRES SEC 2,1,0,6273,6250,8206,,,,,"legal LT n + 6,273 sf full lot",
RESOLVED-SINGLE,C,"1310 Omar St, Houston, Tx 77008",2131241262,(unlabeled),0350240460009,LTS 9 & 10 BLK 46|STUDES SEC 2,2,0,6261,6250,6255,,,,,"legal assembled 2 lots, 6,261 sf >= 2x2400",
RESOLVED-SINGLE,C,"1314 E 28th St, Houston, TX 77009",pmt_1314-e-28th-st-77009,(unlabeled),0580150000006,LT 6 BLK 3|EAST SUNSET HEIGHTS,1,0,5000,,,,,,,"legal LT n + 5,000 sf full lot",
RESOLVED-SINGLE,C,"1330 W 24th St, Houston, Tx 77008",2131330283,(unlabeled),0561650000372,TR 156B|SHADY ACRES SEC 2,0,1,10828,10890,5444,,,,,"legal TR only (1 frag) + 10,828 sf full lot",
RESOLVED-SINGLE,C,"1336 Herkimer St, Houston, TX 77008",pmt_1336-herkimer-st-77008,(unlabeled),0201740000007,LTS 7 & 8 BLK 178|HOUSTON HEIGHTS,2,0,8807,,5894,,,,,"legal assembled 2 lots, 8,807 sf >= 2x2400",
RESOLVED-SINGLE,C,"1402 W 14th St, Houston, Tx 77008",2131225773,(unlabeled),0391270000026,LTS 1058 & 1059|HOUSTON HEIGHTS ANNEX,2,0,4973,5000,3700,,,,,"legal assembled 2 lots, 4,973 sf >= 2x2400",
RESOLVED-SINGLE,C,"1410 Herkimer St, Houston, TX 77008",pmt_1410-herkimer-st-77008,(unlabeled),0201450000013,LT 14 & TRS 13 & 15A BLK 149|HOUSTON HEIGHTS,1,2,8799,,6884,,,,,"legal LT n + 2 TR + 8,799 sf full lot",
RESOLVED-SINGLE,C,"1412 Northwood St, Houston, Tx 77009",2131228942,(unlabeled),0331430150002,LT 2 BLK 115|BROOKE SMITH,1,0,5215,5000,5015,YES,,,,"legal LT n + 5,215 sf full lot",
RESOLVED-SINGLE,C,"1434 Herkimer St, Houston, TX 77008",pmt_1434-herkimer-st-77008,(unlabeled),0201450000004,LT 4 & TR 5A BLK 149|HOUSTON HEIGHTS,1,1,6683,,6884,,,,,"legal LT n + 1 TR + 6,683 sf full lot",
RESOLVED-SINGLE,C,"1436 Dorothy St, Houston, Tx 77008",2131086163,(unlabeled),0391210000738,LTS 738 & 739|HOUSTON HEIGHTS ANNEX,2,0,5050,5000,2525,,,,,"legal assembled 2 lots, 5,050 sf >= 2x2400",
RESOLVED-SINGLE,C,"1448 W 25th St, Houston, Tx 77008",2131330121,(unlabeled),0561650000278,TR 139A|SHADY ACRES SEC 2,0,1,10889,10890,5444,,,,,"legal TR only (1 frag) + 10,889 sf full lot",
RESOLVED-SINGLE,C,"1506 Tabor St, Houston, Tx 77009",2131312852,(unlabeled),0331340970003,LT 3 & TR 4A BLK 97|BROOKE SMITH,1,1,6222,6000,4991,YES,,,,"legal LT n + 1 TR + 6,222 sf full lot",
RESOLVED-SINGLE,C,"1506 W 21st St, Houston, Tx 77008",2131331183,(unlabeled),0561660000238,LT 238|SHADY ACRES SEC 2,1,0,6308,6300,8206,,,,,"legal LT n + 6,308 sf full lot",
RESOLVED-SINGLE,C,"1510 Glen Oaks St, Houston, Tx 77008",2131538725,(unlabeled),0771820170003,LT 3 BLK 17|TIMBERGROVE MANOR SEC 3,1,0,7713,7735,8706,,,,,"legal LT n + 7,713 sf full lot",
RESOLVED-SINGLE,C,"1516 Lawrence St, Houston, Tx 77008",2131218924,(unlabeled),0391140000400,LTS 400 & 401|HOUSTON HEIGHTS ANNEX,2,0,5005,5000,3627,,,,,"legal assembled 2 lots, 5,005 sf >= 2x2400",
RESOLVED-SINGLE,C,"1518 Herkimer St, Houston, Tx 77008",2131284475,(unlabeled),0201440000011,LT 12 & TR 11 BLK 148|HOUSTON HEIGHTS,1,1,6600,6600,6000,,,,,"legal LT n + 1 TR + 6,600 sf full lot",
RESOLVED-SINGLE,C,"1533 Herkimer St, Houston, Tx 77008",2131284485,(unlabeled),0201440000029,LT 30 & TR 29 BLK 148|HOUSTON HEIGHTS,1,1,5999,6000,6000,,,,,"legal LT n + 1 TR + 5,999 sf full lot",
RESOLVED-SINGLE,C,"1534 Beall St, Houston, Tx 77008",2131331686,(unlabeled),0561670000387,TR 387A|SHADY ACRES EXTN SEC 3,0,1,10893,10875,3824,,,,,"legal TR only (1 frag) + 10,893 sf full lot",
RESOLVED-SINGLE,C,"1624 Heights Blvd, Houston, Tx 77008",2131283630,(unlabeled),0201130000017,LT 18 & TR 17A BLK 117|HOUSTON HEIGHTS,1,1,11274,11250,7521,,,,,"legal LT n + 1 TR + 11,274 sf full lot",
RESOLVED-SINGLE,C,"1631 Walton St, Houston, Tx 77009",2131313407,(unlabeled),0521510000008,LT 8|OAKDALE PLACE 2ND R/P,1,0,5279,5000,4944,YES,,,,"legal LT n + 5,279 sf full lot",
RESOLVED-SINGLE,C,"1703 Yale St, Houston, Tx 77008",2131283678,(unlabeled),0201150000048,TRS 47A 48A 49A & 50A BLK 119|HOUSTON HEIGHTS,0,4,8731,8858,6678,,,,,"legal TR only (4 frag) + 8,731 sf full lot",
RESOLVED-SINGLE,C,"1818 N Shepherd Dr, Houston, Tx 77008",2131187480,(unlabeled),0200940000021,TRS 21 22 23 & 24 BLK 98|HOUSTON HEIGHTS,0,4,10146,9500,4550,,,,,"legal TR only (4 frag) + 10,146 sf full lot",
RESOLVED-SINGLE,C,"1922 Bonner St, Houston, TX 77007",pmt_1922-bonner-st-77007,(unlabeled),0400310000027,TR 6G|ABST 1 J AUSTIN,0,1,7500,,6240,,,,,"legal TR only (1 frag) + 7,500 sf full lot",
RESOLVED-SINGLE,C,"201 E 26th St, Houston, Tx 77008",2131193248,(unlabeled),0350870330033,LTS 33 & 34 & TR 32A BLK 33|SUNSET HEIGHTS,2,1,6655,6680,3000,,,,,"legal assembled 2 lots, 6,655 sf >= 2x2400",
RESOLVED-SINGLE,C,"2036 Cortlandt St, Houston, Tx 77008",2131041898,(unlabeled),0200650000022,TRS 22 & 23A BLK 69|HOUSTON HEIGHTS,0,2,6544,6600,6986,,,,,"legal TR only (2 frag) + 6,544 sf full lot",
RESOLVED-SINGLE,C,"205 E 24th St, Houston, Tx 77008",2131437247,(unlabeled),0562770000003,LT 3 BLK 3|MILROY PLACE,1,0,5298,5300,5300,YES,,,,"legal LT n + 5,298 sf full lot",
RESOLVED-SINGLE,C,"205 Northwood St, Houston, Tx 77009",2131195093,(unlabeled),0330700000009,LT 9 BLK 4|BROOKE SMITH,1,0,5085,5000,5064,YES,,,,"legal LT n + 5,085 sf full lot",
RESOLVED-SINGLE,C,"205 W 24th St, Houston, Tx 77008",2131282833,(unlabeled),0200380000071,LT 46 BLK 42|HOUSTON HEIGHTS 58TH AMEND,1,0,4585,4585,3275,,,,,"4,585 sf = 140% of plat median 3,275",
RESOLVED-SINGLE,C,"212 E 25th St, Houston, Tx 77008",2131437380,(unlabeled),0562800000012,LT 12 & E 7FT OF LT 13 BLK 6|MILROY PLACE,2,0,5908,6000,5253,YES,,,,"legal assembled 2 lots, 5,908 sf >= 2x2400",
RESOLVED-SINGLE,C,"214 Sylvester Rd, Houston, TX 77009",pmt_214-sylvester-rd-77009,(unlabeled),0660270020019,LT 15 BLK 2 &|TR 47C-1 SHARMAN TRACT U/R|ABST 1 J AUSTIN|KOSKA,1,0,8936,,8964,,yes,,,"legal LT n + 8,936 sf full lot",
RESOLVED-SINGLE,C,"2715 Houston Ave, Houston, Tx 77009",2131156653,(unlabeled),0533000000005,LT 5|HURLOCK & FIELDS,1,0,5351,5000,,,,,,"legal LT n + 5,351 sf full lot",
RESOLVED-SINGLE,C,"301 Enid St, Houston, Tx 77009",2131227429,(unlabeled),0330830000007,LT 7 BLK 17|BROOKE SMITH,1,0,5093,5000,5113,YES,,,,"legal LT n + 5,093 sf full lot",
RESOLVED-SINGLE,C,"303 Bayland Ave, Houston, Tx 77009",2131208578,(unlabeled),0372710000001,TRS 1 & 2 BLK 6|WOODLAND HEIGHTS,0,2,7513,7500,,,,,,"legal TR only (2 frag) + 7,513 sf full lot",
RESOLVED-SINGLE,C,"303 Enid St, Houston, Tx 77009",2170723831,(unlabeled),0330830000014,LT 8 BLK 17|BROOKE SMITH,1,0,5093,5000,5113,YES,,,,"legal LT n + 5,093 sf full lot",
RESOLVED-SINGLE,C,"305 Tabor St, Houston, Tx 77009",2131226980,(unlabeled),0330740000009,LT 9 BLK 8|BROOKE SMITH,1,0,5090,5000,5058,YES,,,,"legal LT n + 5,090 sf full lot",
RESOLVED-SINGLE,C,"310 Conoly St, Houston, Tx 77009",2131428357,(unlabeled),0691180010003,LT 3 BLK 1|WALLING STREET,1,0,8115,8070,6302,,,,,"legal LT n + 8,115 sf full lot",
RESOLVED-SINGLE,C,"310 E 25th St, Houston, Tx 77008",2131318733,(unlabeled),0350980550005,LTS 5 & 6 BLK 55|SUNSET HEIGHTS,2,0,6085,6000,5520,,,,,"legal assembled 2 lots, 6,085 sf >= 2x2400",
RESOLVED-SINGLE,C,"344 Harvard St, Houston, Tx 77007",2131190693,(unlabeled),0210430000025,TRS 25 & 26A BLK 311|HOUSTON HEIGHTS,0,2,6075,6075,,,,,,"legal TR only (2 frag) + 6,075 sf full lot",
RESOLVED-SINGLE,C,"410 Merrill St, Houston, Tx 77009",2131421176,(unlabeled),0503260000015,LT 15|WOODLAND PARK,1,0,6393,6000,6200,,,,,"legal LT n + 6,393 sf full lot",
RESOLVED-SINGLE,C,"4308 Julian St, Houston, Tx 77009",2131347730,(unlabeled),0590270000006,LT 6 BLK 1|PARKER,1,0,4639,5000,4603,YES,,,,"4,639 sf = 101% of plat median 4,603",
RESOLVED-SINGLE,C,"433 W 23rd St, Houston, TX 77008",pmt_433-w-23rd-st-77008,(unlabeled),0200420000034,LTS 34 35 & 36 BLK 46|HOUSTON HEIGHTS,3,0,9825,,3279,,,,,"legal assembled 3 lots, 9,825 sf >= 3x2400",
RESOLVED-SINGLE,C,"500 Aurora St, Houston, Tx 77008",2131318619,(unlabeled),0350950500001,LTS 1 & 2 BLK 50|SUNSET HEIGHTS,2,0,6000,6000,6000,,,,,"legal assembled 2 lots, 6,000 sf >= 2x2400",
RESOLVED-SINGLE,C,"507 Cordell St, Houston, Tx 77009",2131227565,(unlabeled),0330860000012,LT 12 BLK 20|BROOKE SMITH,1,0,4940,5000,4940,YES,,,,"4,940 sf = 100% of plat median 4,940",
RESOLVED-SINGLE,C,"511 Cordell St, Houston, Tx 77009",2131227567,(unlabeled),0330860000013,LT 13 BLK 20|BROOKE SMITH,1,0,4926,5000,4940,YES,,,,"4,926 sf = 100% of plat median 4,940",
RESOLVED-SINGLE,C,"512 Threlkeld St, Houston, Tx 77007",2131370103,(unlabeled),0512050030014,LT 14 BLK 3|USENER,1,0,5000,5000,5000,YES,,,,"5,000 sf = 100% of plat median 5,000",
RESOLVED-SINGLE,C,"520 W 24th St, Houston, Tx 77008",2131144336,(unlabeled),0200430000011,LTS 11 & 12 BLK 47|HOUSTON HEIGHTS,2,0,6550,6550,3275,,,,,"legal assembled 2 lots, 6,550 sf >= 2x2400",
RESOLVED-SINGLE,C,"531 Threlkeld St, Houston, Tx 77007",2131370154,(unlabeled),0512050040005,TR 23 BLK 4|USENER,0,1,6000,6000,5000,YES,,,,"legal TR only (1 frag) + 6,000 sf full lot",
RESOLVED-SINGLE,C,"533 Studewood St, Houston, Tx 77007",2131370113,(unlabeled),0512050030021,LT 21 BLK 3|USENER,1,0,5750,5750,5000,YES,,,,"legal LT n + 5,750 sf full lot",
RESOLVED-SINGLE,C,"545 W 27th St, Houston, Tx 77008",2131143852,(unlabeled),0200140000025,LT 25 & TR 26A BLK 18|HOUSTON HEIGHTS,1,1,4912,4910,3900,,,,,"4,912 sf = 126% of plat median 3,900",
RESOLVED-SINGLE,C,"6005 N Main St, Houston, Tx 77009",2131018442,(unlabeled),0060570000002,TRS 1A 2A & 3A BLK 1|BARTHOLOMEW PLACE,0,3,6126,7500,,,,,,"legal TR only (3 frag) + 6,126 sf full lot",
RESOLVED-SINGLE,C,"602 E 29th St, Houston, Tx 77008",2131207363,(unlabeled),0350760110016,LTS 16 & 17 BLK 11|SUNSET HEIGHTS,2,0,6000,6000,5754,,,,,"legal assembled 2 lots, 6,000 sf >= 2x2400",
RESOLVED-SINGLE,C,"607 Melwood St, Houston, Tx 77009",2131228154,(unlabeled),0330960000012,LT 12 BLK 30|BROOKE SMITH,1,0,4967,5000,5001,YES,,,,"4,967 sf = 99% of plat median 5,001",
RESOLVED-SINGLE,C,"608 E 29th St, Houston, Tx 77008",2131207382,(unlabeled),0350760110018,LTS 18 19 20 & 21 BLK 11|SUNSET HEIGHTS,4,0,12000,12000,5754,,,,,"legal assembled 4 lots, 12,000 sf >= 4x2400",
RESOLVED-SINGLE,C,"611 Mathis St, Houston, Tx 77009",2131175661,(unlabeled),0331140610001,LT 1 BLK 61|BROOKE SMITH,1,0,5000,5000,5000,YES,,,,"5,000 sf = 100% of plat median 5,000",
RESOLVED-SINGLE,C,"615 Allston St, Houston, Tx 77007",2131149358,(unlabeled),0210060000037,TRS 8A & 9A BLK 274|HOUSTON HEIGHTS,0,2,4950,4884,4413,,,,,"4,950 sf = 112% of plat median 4,413",
RESOLVED-SINGLE,C,"616 E 5th St, Houston, Tx 77007",2131190507,(unlabeled),0210380000001,LT 1 & TR 2A BLK 306 &|TR 1C ABST 1 J AUSTIN|HOUSTON HEIGHTS,1,1,6436,5625,,,,,,"legal LT n + 1 TR + 6,436 sf full lot",
RESOLVED-SINGLE,C,"625 Merrill St, Houston, TX 77009",pmt_625-merrill-st-77009,(unlabeled),0371050000014,LT 14 & TR 15A|WILLBORG,1,1,7268,,6219,,,,,"legal LT n + 1 TR + 7,268 sf full lot",
RESOLVED-SINGLE,C,"626 E 22nd St, Houston, Tx 77008",2131145222,(unlabeled),0200610000001,LT 1 BLK 65|HOUSTON HEIGHTS 72ND AMEND ,1,0,4510,4510,4987,YES,,,,"4,510 sf = 90% of plat median 4,987",
RESOLVED-SINGLE,C,"627 Mazal (Pvt) Ln, Houston, TX 77009",pmt_627-mazal-pvt-ln-77009,(unlabeled),1368390010012,ROW- PRIVATE STREET|NORTHWOOD ESTATES,0,0,10206,,1399,,yes,,,"legal TR only (0 frag) + 10,206 sf full lot",
RESOLVED-SINGLE,C,"637 E 6th 1/2 St, Houston, Tx 77007",2131226721,(unlabeled),0400460000017,TR 5B|TAYLOR E A TRACT|ABST 1 J AUSTIN,0,1,9450,9450,6750,,,,,"legal TR only (1 frag) + 9,450 sf full lot",
RESOLVED-SINGLE,C,"704 E 26th St, Houston, Tx 77009",2131194068,(unlabeled),0350910410008,TRS 8 9 &10 BLK 41|SUNSET HEIGHTS,0,3,4119,4120,4500,,,,,"4,119 sf = 92% of plat median 4,500",
RESOLVED-SINGLE,C,"704 E 28th St, Houston, Tx 77009",2131208326,(unlabeled),0350810220008,TRS 8 9 & 10 BLK 22|SUNSET HEIGHTS,0,3,6467,4818,3015,,,,,"legal TR only (3 frag) + 6,467 sf full lot",
RESOLVED-SINGLE,C,"710 E 7th St, Houston, TX 77007",pmt_710-e-7th-st-77007,(unlabeled),0350290550001,LT 2 & W 10 FT OF LT 4 BLK 55|STUDES SEC 2 5TH AMEND,2,0,6250,,6250,,,,PARTIAL 2024_Oct->2025_Oct,"legal assembled 2 lots, 6,250 sf >= 2x2400",
RESOLVED-SINGLE,C,"710 Le Green St, Houston, TX 77008",pmt_710-le-green-st-77008,(unlabeled),0520390000072,LT 72|RIDGEWOOD,1,0,5043,,5043,YES,,,,"legal LT n + 5,043 sf full lot",
RESOLVED-SINGLE,C,"714 W 23rd St, Houston, Tx 77008",2131144616,(unlabeled),0200480000050,TRS 10 & 11 BLK 52|HOUSTON HEIGHTS,0,2,5045,5000,6550,,,,,"legal TR only (2 frag) + 5,045 sf full lot",
RESOLVED-SINGLE,C,"716 E 25th St, Houston, Tx 77008",2131318883,(unlabeled),0351000590008,LTS 8 9 & 10 BLK 59|SUNSET HEIGHTS,3,0,9000,9000,4500,,,,,"legal assembled 3 lots, 9,000 sf >= 3x2400",
RESOLVED-SINGLE,C,"726 E 26th St, Houston, Tx 77009",2131194086,(unlabeled),0350910430003,LT 13 BLK 41|SUNSET HEIGHTS 15TH AMEND,1,0,5300,5300,4500,,,,,"legal LT n + 5,300 sf full lot",
RESOLVED-SINGLE,C,"728 Euclid St, Houston, TX 77009",pmt_728-euclid-st-77009,(unlabeled),0373020000006,TRS 6 & 7A BLK 37|WOODLAND HEIGHTS,0,2,9477,,,,,,,"legal TR only (2 frag) + 9,477 sf full lot",
RESOLVED-SINGLE,C,"741 W 21st St, Houston, Tx 77008",2131042481,(unlabeled),0200740000027,LTS 27 & 28 BLK 78|HOUSTON HEIGHTS,2,0,6550,6550,5240,YES,,,,"legal assembled 2 lots, 6,550 sf >= 2x2400",
RESOLVED-SINGLE,C,"805 Tabor St, Houston, Tx 77009",2131228576,(unlabeled),0331400090009,LT 9 BLK 109|BROOKE SMITH,1,0,5013,5000,4993,YES,,,,"legal LT n + 5,013 sf full lot",
RESOLVED-SINGLE,C,"805 Walton St, Houston, Tx 77009",2131313166,(unlabeled),0331370040009,LT 9 BLK 104|BROOKE SMITH,1,0,4993,5000,5000,YES,,,,"4,993 sf = 100% of plat median 5,000",
RESOLVED-SINGLE,C,"813 Herkimer St, Houston, Tx 77007",2131044677,(unlabeled),0202350000025,LT 25 BLK 239|HOUSTON HEIGHTS 71ST AMEND,1,0,7532,7582,4000,,,,,"legal LT n + 7,532 sf full lot",
RESOLVED-SINGLE,C,"820 E 29th St, Houston, Tx 77009",2131207218,(unlabeled),0350750090073,LTS 10 & 11 BLK 9|SUNSET HEIGHTS,2,0,6000,6000,5743,,,,,"legal assembled 2 lots, 6,000 sf >= 2x2400",
RESOLVED-SINGLE,C,"822 Nashua St, Houston, TX 77008",pmt_822-nashua-st-77008,(unlabeled),0771820130025,LT 25 BLK 13|TIMBERGROVE MANOR SEC 3,1,0,8402,,8706,,,,,"legal LT n + 8,402 sf full lot",
RESOLVED-SINGLE,C,"830 E 26th St, Houston, Tx 77009",2131194125,(unlabeled),0350910420014,LTS 14 & 15 BLK 42|SUNSET HEIGHTS,2,0,6000,6000,4500,,,,,"legal assembled 2 lots, 6,000 sf >= 2x2400",
RESOLVED-SINGLE,C,"839 Allston St, Houston, TX 77007",pmt_839-allston-st-77007,(unlabeled),0202400000003,LT 3 BLK 244|HOUSTON HEIGHTS,1,0,6600,,6600,,,,,"legal LT n + 6,600 sf full lot",
RESOLVED-SINGLE,C,"839 E 26th St, Houston, Tx 77009",2131192777,(unlabeled),0350840270029,LTS 29 & 30 BLK 27|SUNSET HEIGHTS,2,0,6000,6000,5256,YES,,,,"legal assembled 2 lots, 6,000 sf >= 2x2400",
RESOLVED-SINGLE,C,"841 Rutland St, Houston, Tx 77007",2131044972,(unlabeled),0202390000002,LT 3 & TR 2 BLK 243|HOUSTON HEIGHTS,1,1,6599,6600,4400,,,,,"legal LT n + 1 TR + 6,599 sf full lot",
RESOLVED-SINGLE,C,"901 Dorothy St, Houston, Tx 77008",2131238884,(unlabeled),0642380000005,LT 5 BLK 1|HARDING HEIGHTS EXTN,1,0,4762,4750,4500,,,,,"4,762 sf = 106% of plat median 4,500",
RESOLVED-SINGLE,C,"905 Adele St, Houston, Tx 77009",2131370476,(unlabeled),0513480000009,LT 9 & TR 10A BLK 4|PINERIDGE,1,1,4500,4500,5000,YES,,,,"4,500 sf = 90% of plat median 5,000",
RESOLVED-SINGLE,C,"905 Dorothy St, Houston, Tx 77008",2131238842,(unlabeled),0642380000003,LT 3 BLK 1|HARDING HEIGHTS EXTN,1,0,4788,4750,4500,,,,,"4,788 sf = 106% of plat median 4,500",
RESOLVED-SINGLE,C,"909 Bayland Ave, Houston, Tx 77009",2131152146,(unlabeled),0513780000023,TRS 23 & 24A BLK 6|WOODSON PLACE,0,2,4893,5000,4959,YES,,,,"4,893 sf = 99% of plat median 4,959",
RESOLVED-SINGLE,C,"911 Bay Oaks Rd, Houston, Tx 77008",2131538680,(unlabeled),0771820160009,LT 9 BLK 16|TIMBERGROVE MANOR SEC 3,1,0,8770,8970,8706,,,,,"legal LT n + 8,770 sf full lot",
RESOLVED-SINGLE,C,"914 W 16th St, Houston, TX 77008",pmt_914-w-16th-st-77008,(unlabeled),0561680010004,TRS 4B & 5 BLK 1|SHADY ACRES ANNEX,0,2,8732,,8344,,,,,"legal TR only (2 frag) + 8,732 sf full lot",
RESOLVED-SINGLE,C,"918 Dorothy St, Houston, TX 77008",pmt_918-dorothy-st-77008,(unlabeled),0600850100018,TR K BLK 10|WEST HEIGHTS,0,0,7516,,6000,,,,,"legal TR only (0 frag) + 7,516 sf full lot",
RESOLVED-SINGLE,C,"918 Tulane St, Houston, Tx 77008",2131149006,(unlabeled),0202300000026,TRS 26 & 27A BLK 234|HOUSTON HEIGHTS,0,2,5811,5808,6314,,,,,"legal TR only (2 frag) + 5,811 sf full lot",
RESOLVED-SINGLE,C,"922 Prince St, Houston, Tx 77008",2131538328,(unlabeled),0771820140009,LT 9 BLK 14|TIMBERGROVE MANOR SEC 3,1,0,8478,8400,8706,,,,,"legal LT n + 8,478 sf full lot",
RESOLVED-SINGLE,C,"930 Dorothy St, Houston, Tx 77008",2131360892,(unlabeled),0600850100021,TR N BLK 10|WEST HEIGHTS,0,0,6000,6000,6000,,,,,"legal TR only (0 frag) + 6,000 sf full lot",
RESOLVED-SINGLE,C,"932 W Temple St, Houston, Tx 77009",2131387479,(unlabeled),0621330190002,LT 2 BLK 219|EAST NORHILL,1,0,5284,5200,5240,YES,,,,"legal LT n + 5,284 sf full lot",
RESOLVED-SINGLE,C,"934 Dorothy St, Houston, Tx 77008",2131360894,(unlabeled),0600850100022,TR O BLK 10|WEST HEIGHTS,0,0,6000,6000,6000,,,,,"legal TR only (0 frag) + 6,000 sf full lot",
RESOLVED-SINGLE,C,"935 Pecore St, Houston, Tx 77009",2131151610,(unlabeled),0513730000009,LT 9 BLK 1|WOODSON PLACE,1,0,7608,7350,7286,,,,,"legal LT n + 7,608 sf full lot",
RESOLVED-SINGLE,C,"946 W 21st St, Houston, Tx 77008",2131201005,(unlabeled),0610190040006,LT 6 BLK 4|QUENSELL LAWN,1,0,8051,8800,7250,,,,,"legal LT n + 8,051 sf full lot",
RESOLVED-SINGLE,C,"949 Ridge St, Houston, TX 77009",pmt_949-ridge-st-77009,(unlabeled),0562880000014,LT 14 BLK 2|RIDGEMONT SEC 1,1,0,5228,,5020,YES,,,,"legal LT n + 5,228 sf full lot",
