address,MLS,construction_status,listing_status,active_in_export,sold_comp_exists,sold_close_date,CONFLICT,id,represented_homes,paired_addresses
"201 E 26th St, Houston, Tx 77008",—,no evidenced stage,none,False,False,—,none,2131193248,1,
"1436 Dorothy St, Houston, Tx 77008",—,no evidenced stage,none,False,False,—,none,2131086163,1,
"1141 Alexander St, Houston, Tx 77008",—,no evidenced stage,none,False,False,—,none,2131360412,1,
"934 Dorothy St, Houston, Tx 77008",—,no evidenced stage,none,False,False,—,none,2131360894,1,
"118 E 24th St, Houston, Tx 77008",—,no evidenced stage,none,False,False,—,none,2131437170,1,
"1123 Nadine St, Houston, Tx 77009",—,no evidenced stage,none,False,False,—,none,2131191409,1,
"519 Threlkeld St, Houston, Tx 77007",—,no evidenced stage,none,False,True,519 Threlkeld Street: 2025-12-22,none,2130814684,1,
"6005 N Main St, Houston, Tx 77009",—,no evidenced stage,none,False,False,—,none,2131018442,1,
"2119 Gostick St, Houston, Tx 77008",—,no evidenced stage,none,False,False,—,none,2131129729,1,
"2225 Singleton St, Houston, Tx 77008",—,exterior,active_single,False,False,—,none,2131129791,1,
"2011 Singleton St, Houston, Tx 77008",5383346,market,market; active_single; listed,True,False,—,none,2131129832,1,
"2119 Carter St, Houston, Tx 77008",—,no evidenced stage,none,False,False,—,none,2131129881,1,
"118 E 23rd St, Houston, Tx 77008",—,complete,active_split,False,False,—,B neither (availability unverified); D absence (unconfirmed),2131144961,2,116 E 23RD Street
"626 E 22nd St, Houston, Tx 77008",—,no evidenced stage,none,False,True,626 E 22nd Street: 2025-11-14,none,2131145222,1,
"741 W 21st St, Houston, Tx 77008",—,no evidenced stage,none,False,False,—,none,2131042481,1,
"813 Herkimer St, Houston, Tx 77007",—,no evidenced stage,none,False,False,—,none,2131044677,1,
"838 Waverly St, Houston, Tx 77007",—,no evidenced stage,none,False,False,—,none,2131044801,1,
"545 W 27th St, Houston, Tx 77008",—,no evidenced stage,none,False,False,—,none,2131143852,1,
"520 W 24th St, Houston, Tx 77008",—,no evidenced stage,none,False,False,—,none,2131144336,1,
"714 W 23rd St, Houston, Tx 77008",—,no evidenced stage,none,False,False,—,none,2131144616,1,
"1300 Waverly St, Houston, Tx 77008",—,no evidenced stage,none,False,False,—,none,2131146860,1,
"1300 Waverly St, Houston, Tx 77008",—,no evidenced stage,none,False,False,—,none,2131146866,1,
"918 Tulane St, Houston, Tx 77008",—,no evidenced stage,none,False,False,—,none,2131149006,1,
"615 Allston St, Houston, Tx 77007",—,no evidenced stage,none,False,True,615 Allston Street: 2025-08-15,none,2131149358,1,
"1211 N Durham Dr, Houston, Tx 77008",—,no evidenced stage,none,False,False,—,none,2131179219,1,
"616 E 5th St, Houston, Tx 77007",—,no evidenced stage,none,False,False,—,none,2131190507,1,
"2047 Columbia St, Houston, Tx 77008",—,exterior,active_single,False,False,—,none,2131145380,1,
"935 Pecore St, Houston, Tx 77009",—,no evidenced stage,none,False,True,935 Pecore Street: 2026-01-30,none,2131151610,1,
"909 Bayland Ave, Houston, Tx 77009",—,no evidenced stage,none,False,False,—,none,2131152146,1,
"314 W 21st St, Houston, Tx 77008",—,finishing,active_split,False,False,—,none,2131186599,2,
"1021 Nadine St, Houston, Tx 77009",—,no evidenced stage,none,False,False,—,none,2131191267,1,
"1128 Adele St, Houston, Tx 77009",—,no evidenced stage,none,False,False,—,none,2131191475,1,
"1015 Adele St, Houston, Tx 77009",—,no evidenced stage,none,False,False,—,none,2131191611,1,
"1123 Louise St, Houston, Tx 77009",—,finishing,active_split,False,False,—,none,2131191920,2,"1121 Louise St, Houston, TX 77009"
"839 E 26th St, Houston, Tx 77009",—,no evidenced stage,none,False,False,—,none,2131192777,1,
"713 E 26th St, Houston, Tx 77009",36627624,finishing,active_split,True,False,—,none,2131192874,2,711 E 26TH Street
"344 Harvard St, Houston, Tx 77007",—,no evidenced stage,none,False,False,—,none,2131190693,1,
"1126 W 22nd St, Houston, Tx 77008",—,no evidenced stage,none,False,False,—,none,2131200820,1,
"1124 W 21st St, Houston, Tx 77008",—,no evidenced stage,none,False,False,—,none,2131200959,1,
"618 Wendel St, Houston, Tx 77009",—,finishing,active_single,False,False,—,none,2131211370,1,
"1402 W 14th St, Houston, Tx 77008",—,no evidenced stage,none,False,False,—,none,2131225773,1,
"637 E 6th 1/2 St, Houston, Tx 77007",—,no evidenced stage,none,False,False,—,none,2131226721,1,
"901 Dorothy St, Houston, Tx 77008",—,no evidenced stage,none,False,False,—,none,2131238884,1,
"1310 Omar St, Houston, Tx 77008",—,no evidenced stage,none,False,False,—,none,2131241262,1,
"837 W 25th St, Houston, Tx 77008",—,no evidenced stage,none,False,False,—,none,2131282520,1,
"1533 Herkimer St, Houston, Tx 77008",—,no evidenced stage,none,False,False,—,none,2131284485,1,
"1448 W 25th St, Houston, Tx 77008",—,no evidenced stage,none,False,False,—,none,2131330121,1,
"1518 W 25th St, Houston, Tx 77008",—,no evidenced stage,none,False,False,—,none,2131330179,1,
"1330 W 24th St, Houston, Tx 77008",—,no evidenced stage,none,False,False,—,none,2131330283,1,
"1306 W 21st St, Houston, Tx 77008",—,no evidenced stage,none,False,False,—,none,2131331131,1,
"1506 W 21st St, Houston, Tx 77008",—,no evidenced stage,none,False,False,—,none,2131331183,1,
"1610 W 21st St, Houston, Tx 77008",—,no evidenced stage,none,False,False,—,none,2131331239,1,
"1534 Beall St, Houston, Tx 77008",—,no evidenced stage,none,False,False,—,none,2131331686,1,
"614 E 26th St, Houston, Tx 77008",—,finishing,active_single,False,False,—,none,2131193931,1,
"704 E 26th St, Houston, Tx 77009",—,no evidenced stage,none,False,False,—,none,2131194068,1,
"830 E 26th St, Houston, Tx 77009",—,no evidenced stage,none,False,False,—,none,2131194125,1,
"205 Northwood St, Houston, Tx 77009",—,no evidenced stage,none,False,False,—,none,2131195093,1,
"602 E 29th St, Houston, Tx 77008",—,no evidenced stage,none,False,False,—,none,2131207363,1,
"608 E 29th St, Houston, Tx 77008",—,no evidenced stage,none,False,False,—,none,2131207382,1,
"423 E 28th St, Houston, Tx 77008",—,no evidenced stage,none,False,False,—,none,2131207530,1,
"704 E 28th St, Houston, Tx 77009",—,no evidenced stage,none,False,False,—,none,2131208326,1,
"731 E 27th St, Houston, Tx 77009",—,no evidenced stage,none,False,False,—,none,2131208376,1,
"1006 E 28th St, Houston, Tx 77009",—,framing,active_single,False,False,—,none,2131208502,1,
"305 Tabor St, Houston, Tx 77009",—,no evidenced stage,none,False,False,—,none,2131226980,1,
"301 Enid St, Houston, Tx 77009",—,no evidenced stage,none,False,False,—,none,2131227429,1,
"711 E 12th St, Houston, Tx 77008",—,finishing,active_single,False,False,—,none,2131240072,1,
"1107 E 27th St, Houston, Tx 77009",—,no evidenced stage,none,False,False,—,none,2131242651,1,
"1703 Yale St, Houston, Tx 77008",—,no evidenced stage,none,False,False,—,none,2131283678,1,
"1518 Herkimer St, Houston, Tx 77008",—,finishing,active_single,False,False,—,none,2131284475,1,
"122 Redan St, Houston, Tx 77009",—,no evidenced stage,none,False,False,—,none,2131318105,1,
"1120 E 26th St, Houston, Tx 77009",29146166,finishing,active_split; listed,True,False,—,none,2131318242,2,"1122 E 26th St, Houston, TX 77009"
"500 Aurora St, Houston, Tx 77008",—,no evidenced stage,none,False,False,—,none,2131318619,1,
"512 Threlkeld St, Houston, Tx 77007",—,no evidenced stage,none,False,False,—,none,2131370103,1,
"533 Studewood St, Houston, Tx 77007",—,no evidenced stage,none,False,False,—,none,2131370113,1,
"531 Threlkeld St, Houston, Tx 77007",—,no evidenced stage,none,False,False,—,none,2131370154,1,
"1010 Woodland St, Houston, Tx 77009",—,no evidenced stage,none,False,False,—,none,2131374828,1,
"1030 W 8th St, Houston, Tx 77007",—,finishing,active_single,False,False,—,none,2131383427,1,
"1230 W 26th St, Houston, Tx 77008",—,no evidenced stage,none,False,False,—,none,2131436719,1,
"310 E 25th St, Houston, Tx 77008",—,finishing,active_single,False,True,310 E 25th Street: 2025-12-16,none,2131318733,1,
"427 E 24th St, Houston, Tx 77008",—,no evidenced stage,none,False,False,—,none,2131318786,1,
"716 E 25th St, Houston, Tx 77008",—,no evidenced stage,none,False,False,—,none,2131318883,1,
"4308 Julian St, Houston, Tx 77009",—,no evidenced stage,none,False,False,—,none,2131347730,1,
"905 Adele St, Houston, Tx 77009",—,no evidenced stage,none,False,False,—,none,2131370476,1,
"110 Harris Ct, Houston, Tx 77009",—,no evidenced stage,none,False,False,—,none,2131378379,1,
"410 Merrill St, Houston, Tx 77009",31444523,finishing,active_single,True,False,—,none,2131421176,1,
"310 Conoly St, Houston, Tx 77009",—,no evidenced stage,none,False,False,—,none,2131428357,1,
"709 E 17th St, Houston, Tx 77008",—,complete,active_single; listed,False,True,709 E 17th Street: 2026-08-24,A; D absence (unconfirmed),2131432164,1,
"118 Munford St, Houston, Tx 77008",—,finishing,active_single,False,False,—,none,2131437296,1,
"117 Munford St, Houston, Tx 77008",—,no evidenced stage,none,False,False,—,none,2131437359,1,
"212 E 25th St, Houston, Tx 77008",—,no evidenced stage,none,False,False,—,none,2131437380,1,
"117 E 25th St, Houston, Tx 77008",—,no evidenced stage,none,False,True,117 E 25th Street: 2026-02-11,none,2131437447,1,
"710 E 13th St, Houston, Tx 77008",—,no evidenced stage,none,False,True,710 E 13th Street: 2025-12-19,none,2161199012,1,
"303 Enid St, Houston, Tx 77009",—,no evidenced stage,none,False,False,—,none,2170723831,1,
"611 Mathis St, Houston, Tx 77009",—,no evidenced stage,none,False,False,—,none,2131175661,1,
"1208 Cordell St, Houston, Tx 77009",—,no evidenced stage,none,False,False,—,none,2131176668,1,
"1204 Cordell St, Houston, Tx 77009",—,no evidenced stage,none,False,False,—,none,2131176672,1,
"1201 Cordell St, Houston, Tx 77009",—,no evidenced stage,none,False,False,—,none,2131177133,1,
"507 Cordell St, Houston, Tx 77009",—,no evidenced stage,none,False,False,—,none,2131227565,1,
"511 Cordell St, Houston, Tx 77009",—,no evidenced stage,none,False,False,—,none,2131227567,1,
"607 Melwood St, Houston, Tx 77009",—,no evidenced stage,none,False,False,—,none,2131228154,1,
"805 Tabor St, Houston, Tx 77009",—,no evidenced stage,none,False,False,—,none,2131228576,1,
"1412 Northwood St, Houston, Tx 77009",—,no evidenced stage,none,False,False,—,none,2131228942,1,
"1007 Cordell St, Houston, Tx 77009",—,no evidenced stage,none,False,False,—,none,2131312288,1,
"1003 Enid St, Houston, Tx 77009",—,no evidenced stage,none,False,False,—,none,2131312670,1,
"1506 Tabor St, Houston, Tx 77009",—,no evidenced stage,none,False,True,1506 Tabor Street: 2026-03-27,none,2131312852,1,
"805 Walton St, Houston, Tx 77009",—,no evidenced stage,none,False,False,—,none,2131313166,1,
"1631 Walton St, Houston, Tx 77009",—,no evidenced stage,none,False,False,—,none,2131313407,1,
"Enid St, Houston, Tx 77009",—,no evidenced stage,none,False,False,—,none,2177158676,1,
"Enid St, Houston, Tx 77009",—,no evidenced stage,none,False,False,—,none,2177158678,1,
"820 Waverly St A, Houston, TX 77007",—,framing,active_split,False,False,—,none,pmt_820-waverly-st-a-77007,2,"820 Waverly St B, Houston, TX 77007"
"1811 Bonner St, Houston, TX 77007",—,no evidenced stage,none,False,False,—,none,pmt_1811-bonner-st-77007,1,
"310 W 9th St, Houston, TX 77007",16999317,finishing,active_split,True,False,—,none,pmt_310-w-9th-st-77007,2,312 w 9th St
"408 Columbia St, Houston, TX 77007",—,finishing,active_single,False,False,—,none,pmt_408-columbia-st-77007,1,
"410 Columbia St, Houston, TX 77007",—,finishing,active_single,False,False,—,none,pmt_410-columbia-st-77007,1,
"625 Oxford St, Houston, TX 77007",—,finishing,active_single,False,False,—,none,pmt_625-oxford-st-77007,1,
"734 E 7th 1/2 St, Houston, TX 77007",—,exterior,active_single,False,False,—,none,pmt_734-e-7th-1-2-st-77007,1,
"710 Waverly St A / B / C, Houston, TX 77007",—,foundation,none,False,False,—,none,pmt_710-waverly-st-a-77007,3,
"718 E 7th St, Houston, TX 77007",—,finishing,active_single,False,False,—,none,pmt_718-e-7th-st-77007,1,
"1108 W 17th St, Houston, TX 77008",—,sitework,none,False,False,—,none,pmt_1108-w-17th-st-77008,1,
"1110 W 17th St, Houston, TX 77008",—,sitework,none,False,False,—,none,pmt_1110-w-17th-st-77008,1,
"1112 W 17th St, Houston, TX 77008",—,sitework,none,False,False,—,none,pmt_1112-w-17th-st-77008,1,
"1114 W 17th St, Houston, TX 77008",—,sitework,none,False,False,—,none,pmt_1114-w-17th-st-77008,1,
"1116 W 17th St, Houston, TX 77008",—,sitework,none,False,False,—,none,pmt_1116-w-17th-st-77008,1,
"1118 W 17th St, Houston, TX 77008",—,sitework,none,False,False,—,none,pmt_1118-w-17th-st-77008,1,
"745 W 17th St, Houston, TX 77008",—,no evidenced stage,none,False,False,—,none,pmt_745-w-17th-st-77008,1,
"915 W 18th St D, Houston, TX 77008",—,finishing,none,False,False,—,none,pmt_915-w-18th-st-d-77008,1,
"915 W 18th St C, Houston, TX 77008",—,finishing,none,False,False,—,none,pmt_915-w-18th-st-c-77008,1,
1520 W 21st St Unit#B,95958213,complete,active_split; listed,True,False,—,D absence (unconfirmed); D off/active,act_1520-w-21st-st-unit-b,2,1520 W 21st St Unit#A
"915 W 18th St B, Houston, TX 77008",—,finishing,none,False,False,—,none,pmt_915-w-18th-st-b-77008,1,
"915 W 18th St A, Houston, TX 77008",—,finishing,none,False,False,—,none,pmt_915-w-18th-st-a-77008,1,
"1623 Blount St, Houston, TX 77008",—,complete,active_single,False,False,—,B neither (availability unverified),pmt_1623-blount-st-77008,1,
"915 W 18th St E, Houston, TX 77008",—,finishing,none,False,False,—,none,pmt_915-w-18th-st-e-77008,1,
"915 W 18th St F, Houston, TX 77008",—,finishing,none,False,False,—,none,pmt_915-w-18th-st-f-77008,1,
"2013 Cortlandt St, Houston, TX 77008",—,finishing,active_split,False,False,—,none,pmt_2013-cortlandt-st-77008,2,
"2052 Columbia St, Houston, TX 77008",—,finishing,active_single,False,True,2052 Columbia Street: 2025-09-30,none,pmt_2052-columbia-st-77008,1,
"629 E 26th St, Houston, TX 77008",—,dried_in,active_single,False,False,—,none,pmt_629-e-26th-st-77008,1,
"1410 Herkimer St, Houston, TX 77008",—,exterior,active_single,False,False,—,none,pmt_1410-herkimer-st-77008,1,
"1306 W 24th St F, Houston, TX 77008",—,exterior,none,False,False,—,none,pmt_1306-w-24th-st-f-77008,1,
"1306 W 24th St E, Houston, TX 77008",—,exterior,none,False,False,—,none,pmt_1306-w-24th-st-e-77008,1,
"1306 W 24th St D, Houston, TX 77008",—,exterior,none,False,False,—,none,pmt_1306-w-24th-st-d-77008,1,
"1306 W 24th St C, Houston, TX 77008",—,exterior,none,False,False,—,none,pmt_1306-w-24th-st-c-77008,1,
"1306 W 24th St B, Houston, TX 77008",—,exterior,none,False,False,—,none,pmt_1306-w-24th-st-b-77008,1,
"1306 W 24th St A, Houston, TX 77008",—,exterior,none,False,False,—,none,pmt_1306-w-24th-st-a-77008,1,
"433 W 23rd St, Houston, TX 77008",—,finishing,active_single,False,False,—,none,pmt_433-w-23rd-st-77008,1,
"1343 Nashua St, Houston, TX 77008",—,complete,active_split,False,False,—,B neither (availability unverified),pmt_1343-nashua-st-77008,1,
"2464 Nicholson St, Houston, TX 77008",—,exterior,none,False,False,—,none,pmt_2464-nicholson-st-77008,1,
"2462 Nicholson St, Houston, TX 77008",—,exterior,none,False,False,—,none,pmt_2462-nicholson-st-77008,1,
"2450 Nicholson St, Houston, TX 77008",—,exterior,none,False,False,—,none,pmt_2450-nicholson-st-77008,1,
"2452 Nicholson St, Houston, TX 77008",—,exterior,none,False,False,—,none,pmt_2452-nicholson-st-77008,1,
"2013 Sheldon St A, Houston, TX 77008",—,complete,none,False,True,2013 Sheldon Street Unit#A: 2026-05-20,none,pmt_2013-sheldon-st-a-77008,2,"2013 Sheldon St B, Houston, TX 77008"
"930 Waverly St, Houston, TX 77008",—,finishing,active_single,False,False,—,none,pmt_930-waverly-st-77008,1,
"737 W 21st St C, Houston, TX 77008",—,complete,none,False,False,—,B neither (availability unverified),pmt_737-w-21st-st-c-77008,1,
"737 W 21st St B, Houston, TX 77008",—,complete,none,False,False,—,B neither (availability unverified),pmt_737-w-21st-st-b-77008,1,
"737 W 21st St A, Houston, TX 77008",—,complete,none,False,False,—,B neither (availability unverified),pmt_737-w-21st-st-a-77008,1,
"737 W 21st St D, Houston, TX 77008",—,complete,none,False,False,—,B neither (availability unverified),pmt_737-w-21st-st-d-77008,1,
"729 W 21st St A, Houston, TX 77008",—,complete,none,False,False,—,B neither (availability unverified),pmt_729-w-21st-st-a-77008,1,
"723 W 21st St, Houston, TX 77008",—,complete,none,False,False,—,B neither (availability unverified),pmt_723-w-21st-st-77008,1,
"725 W 21st St, Houston, TX 77008",—,complete,none,False,False,—,B neither (availability unverified),pmt_725-w-21st-st-77008,1,
"529 W 27th St, Houston, TX 77008",—,finishing,active_split,False,False,—,none,pmt_529-w-27th-st-77008,2,"527 W 27th St, Houston, Tx 77008"
"729 W 21st St B, Houston, TX 77008",—,complete,none,False,False,—,B neither (availability unverified),pmt_729-w-21st-st-b-77008,1,
"1432 Alexander St, Houston, TX 77008",—,complete,active_split,False,False,—,B neither (availability unverified); D absence (unconfirmed),pmt_1432-alexander-st-77008,2,1434 Alexander Street
"711 E 25th St A, Houston, TX 77008",—,finishing,active_split,False,False,—,none,pmt_711-e-25th-st-a-77008,2,"711 E 25th St B, Houston, TX 77008"
"1320 Alexander St A, Houston, TX 77008",—,finishing,active_split,False,False,—,none,pmt_1320-alexander-st-a-77008,2,"1320 Alexander St B, Houston, TX 77008"
"918 Dorothy St, Houston, TX 77008",—,finishing,active_single,False,False,—,none,pmt_918-dorothy-st-77008,1,
"112 E 27th St A, Houston, TX 77008",34333707,complete,active_split,True,False,—,none,pmt_112-e-27th-st-a-77008,2,112 E 27th Street
"705 E 13th St, Houston, TX 77008",—,foundation,active_single,False,False,—,none,pmt_705-e-13th-st-77008,1,
"729 W 21st St C, Houston, TX 77008",—,complete,none,False,False,—,B neither (availability unverified),pmt_729-w-21st-st-c-77008,1,
"727 W 21st St, Houston, TX 77008",—,complete,none,False,False,—,B neither (availability unverified),pmt_727-w-21st-st-77008,1,
"745 E 16th St, Houston, TX 77008",—,foundation,active_single,False,False,—,none,pmt_745-e-16th-st-77008,1,
1322 Lawrence Street,13912427,complete,active_split; listed,True,True,1324 Lawrence Street: 2026-08-28,A; D absence (unconfirmed),act_1322-lawrence-street,2,1324 Lawrence Street
"715 E 12th St, Houston, TX 77008",—,complete,active_single,False,False,—,B neither (availability unverified),pmt_715-e-12th-st-77008,1,
"1595 W 25th St, Houston, TX 77008",—,finishing,none,False,False,—,none,pmt_1595-w-25th-st-77008,1,
"1597 W 25th St, Houston, TX 77008",—,finishing,none,False,False,—,none,pmt_1597-w-25th-st-77008,1,
"1599 W 25th St, Houston, TX 77008",—,finishing,none,False,False,—,none,pmt_1599-w-25th-st-77008,1,
"1601 W 25th St, Houston, TX 77008",—,finishing,none,False,False,—,none,pmt_1601-w-25th-st-77008,1,
"1603 W 25th St, Houston, TX 77008",—,finishing,none,False,False,—,none,pmt_1603-w-25th-st-77008,1,
"1605 W 25th St, Houston, TX 77008",—,finishing,none,False,False,—,none,pmt_1605-w-25th-st-77008,1,
"1434 Herkimer St, Houston, TX 77008",—,no evidenced stage,none,False,False,—,none,pmt_1434-herkimer-st-77008,1,
"1220 Prince St, Houston, TX 77008",—,foundation,active_single,False,False,—,none,pmt_1220-prince-st-77008,1,
"2005 Harvard St, Houston, TX 77008",—,framing,active_single,False,False,—,none,pmt_2005-harvard-st-77008,1,
"1246 Omar St, Houston, TX 77008",—,finishing,active_single,False,False,—,none,pmt_1246-omar-st-77008,1,
"1033 Voight St, Houston, TX 77009",—,finishing,active_split,False,False,—,none,pmt_1033-voight-st-77009,2,"1035 Voight St, Houston, TX 77009"
"902 Jewett St, Houston, TX 77009",—,no evidenced stage,none,False,False,—,none,pmt_902-jewett-st-77009,1,
"2811 Ave, Houston, TX 77009",—,complete,active_single,False,False,—,B neither (availability unverified),pmt_2811-ave-77009,1,
"1301 Tabor St, Houston, TX 77009",—,complete,active_single,False,False,—,B neither (availability unverified),pmt_1301-tabor-st-77009,1,
"1132 E 6th 1/2 St, Houston, TX 77009",—,foundation,active_single,False,False,—,none,pmt_1132-e-6th-1-2-st-77009,1,
"1008 E 28th St, Houston, TX 77009",—,exterior,active_single,False,False,—,none,pmt_1008-e-28th-st-77009,1,
"1109 Voight St, Houston, TX 77009",—,finishing,active_single,False,False,—,none,pmt_1109-voight-st-77009,1,
"523 Link Rd, Houston, TX 77009",—,exterior,none,False,False,—,none,pmt_523-link-rd-77009,1,
"519 Link Rd, Houston, TX 77009",—,exterior,none,False,False,—,none,pmt_519-link-rd-77009,1,
"1906 Northwood St, Houston, TX 77009",—,exterior,none,False,False,—,none,pmt_1906-northwood-st-77009,1,
"1910 Northwood St, Houston, TX 77009",—,exterior,none,False,False,—,none,pmt_1910-northwood-st-77009,1,
"1914 Northwood St, Houston, TX 77009",—,exterior,none,False,False,—,none,pmt_1914-northwood-st-77009,1,
"1918 Northwood St, Houston, TX 77009",—,exterior,none,False,False,—,none,pmt_1918-northwood-st-77009,1,
"1107 E 24th St, Houston, TX 77009",—,complete,active_split,False,False,—,B neither (availability unverified),pmt_1107-e-24th-st-77009,2,"1109 E 24th St, Houston, TX 77009"
"1104 Gibbs St, Houston, TX 77009",—,complete,active_single,False,False,—,B neither (availability unverified),pmt_1104-gibbs-st-77009,1,
"906 Bayland Ave, Houston, TX 77009",56747960,finishing,active_single,True,False,—,none,pmt_906-bayland-ave-77009,1,
"826 E 27th St, Houston, TX 77009",—,complete,active_single,False,False,—,B neither (availability unverified),pmt_826-e-27th-st-77009,1,
"949 Ridge St, Houston, TX 77009",—,finishing,none,False,False,—,none,pmt_949-ridge-st-77009,1,
"1010 E 26th St, Houston, TX 77009",54722254,finishing,active_split,True,False,—,none,pmt_1010-e-26th-st-77009,2,1012 E 26TH Street
"702 Euclid St, Houston, TX 77009",—,exterior,active_single,False,False,—,none,pmt_702-euclid-st-77009,1,
"1314 E 28th St, Houston, TX 77009",—,finishing,active_single,False,False,—,none,pmt_1314-e-28th-st-77009,1,
"409 Walton St A, Houston, TX 77009",54747421,complete,active_split,True,False,—,none,pmt_409-walton-st-a-77009,2,409 Walton Street Unit#B
"931 Merrill St, Houston, TX 77009",—,complete,active_single,False,False,—,B neither (availability unverified),pmt_931-merrill-st-77009,1,
"635 Mazal (Pvt) Ln, Houston, TX 77009",—,finishing,none,False,False,—,none,pmt_635-mazal-pvt-ln-77009,1,
"1124 Robbie St, Houston, TX 77009",89794015,finishing,active_split,True,False,—,none,pmt_1124-robbie-st-77009,2,1122 Robbie Street
"1118 Adele St, Houston, TX 77009",—,finishing,active_single,False,False,—,none,pmt_1118-adele-st-77009,1,
"1135 Adele St, Houston, TX 77009",—,finishing,active_split,False,False,—,none,pmt_1135-adele-st-77009,2,"1137 Adele St, Houston, TX 77009"
"602 Northwood St, Houston, TX 77009",—,finishing,active_single,False,False,—,none,pmt_602-northwood-st-77009,1,
"845 E 26th St, Houston, TX 77009",—,finishing,active_single,False,False,—,none,pmt_845-e-26th-st-77009,1,
"940 Nadine St, Houston, TX 77009",—,no evidenced stage,none,False,False,—,none,pmt_940-nadine-st-77009,1,
"932 Algregg St, Houston, TX 77009",—,finishing,active_split,False,False,—,none,pmt_932-algregg-st-77009,2,"934 Algregg St, Houston, TX 77009"
"2036 Cortlandt St, Houston, Tx 77008",—,no evidenced stage,none,False,False,—,none,2131041898,1,
845 West 23rd Street,—,market,market; active_single; listed,False,False,—,D absence (unconfirmed),act_845-w-23,1,
231 E 26th Street,—,no evidenced stage,off_market_single; listed,False,False,—,D absence (unconfirmed),act_231-e-26,1,
1207 Tabor Street,—,market,market; pending; active_single; listed,False,True,1207 Tabor Street: 2026-08-31,A; D absence (unconfirmed),act_1207-tabor,1,
1109 Tabor Street,—,market,market; active_single; listed,False,False,—,D absence (unconfirmed),act_1109-tabor,1,
1315 Waverly Street,—,market,market; active_single; listed,False,False,—,D absence (unconfirmed),act_1315-waverly,1,
613 Wendel Street,6296220,market,market; active_single; listed,True,False,—,none,act_613-wendel,1,
111 E 18th Street,—,market,market; active_single; listed,False,False,—,D absence (unconfirmed),act_111-e-18,1,
830 E 27th Street,94349442,market,market; active_single; listed,True,False,—,none,act_830-e-27,1,
902 E 25TH Street,32496070,complete,active_single; listed,True,False,—,none,act_902-e-25,1,
920 E 25TH Street,35798306,finishing,active_single; listed,True,False,—,none,act_920-e-25,2,
1520 Nicholson Street,—,no evidenced stage,off_market_single; listed,False,True,1520 Nicholson Street: 2026-08-01,D absence (unconfirmed),act_1520-nicholson,1,
1502 W 21st Street,—,market,market; active_single; listed,False,False,—,D absence (unconfirmed),act_1502-w-21,2,1504 W 21st Street
122 E 4th Street,—,complete,active_split; listed,False,False,—,B neither (availability unverified); D absence (unconfirmed),act_122-e-4,2,
2603 JULIAN Street,—,finishing,active_single; listed,False,False,—,D absence (unconfirmed),act_2603-julian,1,
826 Ralfallen Street,—,complete,active_single; listed,False,False,—,B neither (availability unverified); D absence (unconfirmed),act_826-ralfallen,1,
3115 Beauchamp Street,54037481,market,market; active_single; listed,True,False,—,none,act_3115-beauchamp,1,
623 E 13th Street,—,market,market; active_single; listed,False,False,—,D absence (unconfirmed),act_623-e-13,1,
1023 Euclid Street,—,no evidenced stage,pending; listed,False,True,1023 Euclid Street: 2026-09-04,A; D absence (unconfirmed),act_1023-euclid,1,
609 E 25th Street,53672595,complete,active_single; listed,True,False,—,none,act_609-e-25,1,
212 E 24th Street,—,complete,active_single; listed,False,False,—,B neither (availability unverified); D absence (unconfirmed),act_212-e-24,1,
1116 Highland Street,—,complete,active_single; listed,False,False,—,B neither (availability unverified); D absence (unconfirmed),act_1116-highland,1,
603 E 23rd Street,70087101,finishing,active_single; listed,True,False,—,none,act_603-e-23,1,
1906 W 14th,—,market,market; active_single; listed,False,False,—,D absence (unconfirmed),act_1906-w-14,1,
715 Merrill Street,88557637,complete,active_single; listed,True,False,—,none,act_715-merrill,1,
2015 Harvard Street,7670973,market,market; active_single; listed,True,False,—,none,act_2015-harvard,1,
735 E 8TH 1/2 Street,—,finishing,active_single; listed,False,False,—,D absence (unconfirmed),act_735-e-8-12,1,
731 E 8TH 1/2 Street,—,finishing,active_single; listed,False,False,—,D absence (unconfirmed),act_731-e-8-12,1,
248 W 22nd Street,—,finishing,active_single; listed,False,False,—,D absence (unconfirmed),act_248-w-22,1,
2434 White Oak Drive,—,framing,active_single; listed,False,False,—,D absence (unconfirmed),act_2434-white-oak,1,
1113 Voight Street,—,complete,active_single; listed,False,False,—,B neither (availability unverified); D absence (unconfirmed),act_1113-voight,1,
1140 Waverly Street,—,finishing,active_single; listed,False,False,—,D absence (unconfirmed),act_1140-waverly,1,
1126 E 7th 1/2 Street,—,complete,active_single; listed,False,False,—,B neither (availability unverified); D absence (unconfirmed),act_1126-e-7-12,1,
2436 White Oak,—,framing,active_single; listed,False,False,—,D absence (unconfirmed),act_2436-white-oak,1,
1002 E 6TH 1/2 Street,—,finishing,active_single; listed,False,False,—,D absence (unconfirmed),act_1002-e-6-12,1,
616 Ridge Street,—,no evidenced stage,pending,False,False,—,none,act_616-ridge,1,
107 E 24th Street,—,no evidenced stage,off_market_single,False,True,107 E 24th Street: 2026-07-20,none,act_107-e-24,1,
710 E 18th Street,—,no evidenced stage,pending; off_market_single,False,True,710 E 18th Street: 2026-07-27,A,act_710-e-18,1,
1011 E 25th Street,—,no evidenced stage,off_market_single,False,False,—,none,act_1011-e-25,1,
1016 E 27 th Street,—,no evidenced stage,off_market_single,False,False,—,none,act_1016-e-27,1,
709 Ridge Street,—,market,pending; active_single,False,False,—,none,act_709-ridge,1,
1208 E 26th Street Unit#A,—,complete,active_split; listed,False,False,—,B neither (availability unverified); D absence (unconfirmed),act_1208-e-26th-street-unit-a,2,
1303 Cordell Street Unit#B,—,complete,active_split; listed,False,False,—,B neither (availability unverified); D absence (unconfirmed),act_1303-cordell-street-unit-b,1,
1032 W 17th Street Unit#A,7485788,market,market; active_split; listed,True,False,—,none,act_1032-w-17th-street-unit-a,1,
1218 Prince Street,—,dried_in,active_split; listed,False,False,—,D absence (unconfirmed),act_1218-prince-street,1,
1122 E 27TH ST Unit#B,71690573,no evidenced stage,off_market_split; listed,True,True,1122 E 27TH ST Unit#B: 2026-07-24,D absence (unconfirmed),act_1122-e-27th-st-unit-b,2,1122 E 27TH ST Unit#A
835 W 25th Street,87747647,complete,active_split; listed,True,False,—,D absence (unconfirmed),act_835-w-25th-street,2,833 W 25th Street
805 W 22nd Street,—,finishing,active_split; listed,False,False,—,D absence (unconfirmed),act_805-w-22nd-street,2,"807 W 22nd St, Houston, TX 77008"
227 E 26th Street,—,no evidenced stage,off_market_split; listed,False,False,—,D absence (unconfirmed),act_227-e-26th-street,2,
827 W 16th Street Unit#A,—,complete,active_split; listed,False,False,—,B neither (availability unverified); D absence (unconfirmed),act_827-w-16th-street-unit-a,2,
318 W 21st Street,69573145,finishing,active_split; listed,True,False,—,none,act_318-w-21st-street,2,"318 W 21st St B (est), Houston, TX 77008"
609 W 27th Street,98658584,complete,active_split; listed,True,False,—,none,act_609-w-27th-street,2,"607 W 27th St, Houston, TX 77008"
407 E 27TH Street,10210884,finishing,active_split; listed,True,False,—,none,act_407-e-27th-street,2,"409 E 27th St, Houston, TX 77008"
710 Waverly Street Unit#D,—,market,market; active_split; listed,False,False,—,D absence (unconfirmed),act_710-waverly-street-unit-d,1,
335 Harvard Street,—,complete,active_split; listed,False,False,—,B neither (availability unverified); D absence (unconfirmed),act_335-harvard-street,2,
1229 Prince Street,22766797,market,pending; active_split,True,True,1229 Prince Street: 2026-07-17,A,act_1229-prince-street,2,1227 Prince Street
814 W 17TH Street,—,market,pending; active_split,False,False,—,none,act_814-w-17th-street,2,816 W 17TH Street
1326 Lawrence Street,—,market,pending; active_split,False,True,1326 Lawrence Street: 2026-07-31,A,act_1326-lawrence-street,1,
815 Lawrence Street Unit#A,—,market,pending; active_split,False,True,815 Lawrence Street Unit#A: 2026-07-14,A,act_815-lawrence-street-unit-a,2,
611 E 25th Street Unit#A,—,market,pending; active_split,False,True,611 E 25th Street Unit#A: 2026-05-21,A; D absence (unconfirmed),act_611-e-25th-street-unit-a,2,611 E 25th Street Unit#B
602 Jewett Street Unit#B,56131613,market,market; active_split; listed,True,False,—,none,act_602-jewett-street-unit-b,2,
"1922 Northwood St, Houston, TX 77009",—,exterior,none,False,False,—,none,pmt_1922-northwood-st-77009,1,
"1926 Northwood St, Houston, TX 77009",—,exterior,none,False,False,—,none,pmt_1926-northwood-st-77009,1,
"1219 Bay Oaks Rd, Houston, Tx 77008",—,finishing,none,False,False,—,none,2131537524,1,
"922 Prince St, Houston, Tx 77008",—,no evidenced stage,none,False,True,922 Prince Street: 2025-12-26,none,2131538328,1,
"1023 Nashua St, Houston, Tx 77008",—,no evidenced stage,none,False,True,1023 Nashua Street: 2026-05-01,none,2131538429,1,
"911 Bay Oaks Rd, Houston, Tx 77008",—,no evidenced stage,none,False,False,—,none,2131538680,1,
"905 Bay Oaks Rd, Houston, Tx 77008",—,no evidenced stage,none,False,False,—,none,2131538718,1,
"1510 Glen Oaks St, Houston, Tx 77008",—,finishing,active_single,False,False,—,none,2131538725,1,
"1522 Glen Oaks St, Houston, Tx 77008",—,no evidenced stage,none,False,True,1522 Glen Oaks Street: 2025-12-04,none,2131538738,1,
"1602 Turnpike Rd, Houston, TX 77008",—,complete,none,False,False,—,B neither (availability unverified),pmt_1602-turnpike-rd-77008,1,
"822 Nashua St, Houston, TX 77008",—,dried_in,active_single,False,False,—,none,pmt_822-nashua-st-77008,1,
"1118 Worthshire St, Houston, TX 77008",—,dried_in,active_single,False,False,—,none,pmt_1118-worthshire-st-77008,1,
"728 Euclid St, Houston, TX 77009",—,finishing,active_single,False,False,—,none,pmt_728-euclid-st-77009,1,
"1032 Key St, Houston, TX 77009",—,no evidenced stage,none,False,False,—,none,pmt_1032-key-st-77009,1,
"1138 Fugate St, Houston, TX 77009",64823156,finishing,none,True,False,—,none,pmt_1138-fugate-st-77009,1,
"1013 Woodland St, Houston, TX 77009",—,framing,none,False,False,—,none,pmt_1013-woodland-st-77009,1,
"625 Merrill St, Houston, TX 77009",—,framing,active_single,False,False,—,none,pmt_625-merrill-st-77009,1,
"1040 Louise St, Houston, TX 77009",—,foundation,none,False,False,—,none,pmt_1040-louise-st-77009,1,
"2436 White Oak Dr, Houston, TX 77009",—,framing,none,False,False,—,none,pmt_2436-white-oak-dr-77009,1,
"832 E 27th St, Houston, TX 77009",—,framing,none,False,False,—,none,pmt_832-e-27th-st-77009,1,
"627 Mazal (Pvt) Ln, Houston, TX 77009",—,finishing,active_single,False,False,—,none,pmt_627-mazal-pvt-ln-77009,1,
"631 Mazal (Pvt) Ln, Houston, TX 77009",—,finishing,none,False,False,—,none,pmt_631-mazal-pvt-ln-77009,1,
"905 Dorothy St, Houston, Tx 77008",—,no evidenced stage,none,False,False,—,none,2131238842,1,
"841 Rutland St, Houston, Tx 77007",—,no evidenced stage,none,False,False,—,none,2131044972,1,
"1115 Adele St, Houston, Tx 77009",—,no evidenced stage,none,False,False,—,none,2131191542,1,
"205 E 24th St, Houston, Tx 77008",—,no evidenced stage,none,False,False,—,none,2131437247,1,
"1624 Heights Blvd, Houston, Tx 77008",—,no evidenced stage,none,False,True,1624 Heights Boulevard: 2026-06-15,none,2131283630,1,
"303 Bayland Ave, Houston, Tx 77009",—,no evidenced stage,none,False,False,—,none,2131208578,1,
"932 W Temple St, Houston, Tx 77009",—,no evidenced stage,none,False,False,—,none,2131387479,1,
"707 E 6th 1/2 St, Houston, Tx 77007",—,no evidenced stage,none,False,False,—,none,2131074923,1,
"2715 Houston Ave, Houston, Tx 77009",—,no evidenced stage,none,False,False,—,none,2131156653,1,
"404 W 21st St, Houston, Tx 77008",—,no evidenced stage,none,False,False,—,none,2131186526,1,
"1818 N Shepherd Dr, Houston, Tx 77008",—,no evidenced stage,none,False,False,—,none,2131187480,1,
"1808 N Shepherd Dr, Houston, Tx 77008",—,no evidenced stage,none,False,False,—,none,2131187484,1,
"1025 Adele St, Houston, Tx 77009",—,no evidenced stage,none,False,False,—,none,2131191607,1,
"726 E 26th St, Houston, Tx 77009",—,no evidenced stage,none,False,False,—,none,2131194086,1,
"902 W 22nd St, Houston, Tx 77008",—,no evidenced stage,none,False,False,—,none,2131200768,1,
"946 W 21st St, Houston, Tx 77008",—,no evidenced stage,none,False,False,—,none,2131201005,1,
"820 E 29th St, Houston, Tx 77009",—,no evidenced stage,none,False,False,—,none,2131207218,1,
"1516 Lawrence St, Houston, Tx 77008",—,no evidenced stage,none,False,False,—,none,2131218924,1,
"745 E 11th 1/2 St, Houston, Tx 77008",—,no evidenced stage,none,False,False,—,none,2131240334,1,
"205 W 24th St, Houston, Tx 77008",—,no evidenced stage,none,False,True,205 W 24th Street: 2026-06-09,none,2131282833,1,
"1211 Gibbs St, Houston, Tx 77009",—,no evidenced stage,none,False,False,—,none,2131318291,1,
"1032 Alexander St, Houston, Tx 77008",—,no evidenced stage,none,False,False,—,none,2131360701,1,
"930 Dorothy St, Houston, Tx 77008",—,no evidenced stage,none,False,False,—,none,2131360892,1,
2924 Watson Street,70723638,finishing,active_single; listed,True,False,—,none,act_2924-watson-street,1,
615 Wendel Street,31557430,market,market; active_single; listed,True,False,—,none,act_615-wendel-street,1,
741 W 21st Street Unit#A,7364673,market,market; active_split; listed,True,False,—,none,act_741-w-21st-street-unit-a,2,
"710 E 7th St, Houston, TX 77007",—,exterior,active_single,False,False,—,none,pmt_710-e-7th-st-77007,1,
"835 Lawrence St, Houston, TX 77007",—,foundation,none,False,False,—,none,pmt_835-lawrence-st-77007,1,
"806 Peddie St, Houston, TX 77008",—,foundation,active_single,False,False,—,none,pmt_806-peddie-st-77008,1,
"710 Le Green St, Houston, TX 77008",—,framing,none,False,False,—,none,pmt_710-le-green-st-77008,1,
"906 W 20th St E, Houston, TX 77008",—,no evidenced stage,none,False,False,—,none,pmt_906-w-20th-st-e-77008,1,
"906 W 20th St F, Houston, TX 77008",—,no evidenced stage,none,False,False,—,none,pmt_906-w-20th-st-f-77008,1,
"906 W 20th St A, Houston, TX 77008",—,no evidenced stage,none,False,False,—,none,pmt_906-w-20th-st-a-77008,1,
"906 W 20th St B, Houston, TX 77008",—,no evidenced stage,none,False,False,—,none,pmt_906-w-20th-st-b-77008,1,
"906 W 20th St C, Houston, TX 77008",—,no evidenced stage,none,False,False,—,none,pmt_906-w-20th-st-c-77008,1,
"845 W 23rd St A, Houston, TX 77008",17612330,foundation,none,True,False,—,none,pmt_845-w-23rd-st-a-77008,1,
"845 W 23rd St B, Houston, TX 77008",—,foundation,none,False,False,—,none,pmt_845-w-23rd-st-b-77008,1,
"1336 Herkimer St, Houston, TX 77008",—,no evidenced stage,none,False,False,—,none,pmt_1336-herkimer-st-77008,1,
"914 W 16th St, Houston, TX 77008",—,no evidenced stage,none,False,False,—,none,pmt_914-w-16th-st-77008,1,
"214 Sylvester Rd, Houston, TX 77009",—,foundation,active_single,False,False,—,none,pmt_214-sylvester-rd-77009,1,
1002 E 25th Street,72762085,market,market; active_single; listed,True,False,—,none,act_1002-e-25th-street,1,
834 WAVERLY Street,46031576,market,market; active_single; listed,True,False,—,none,act_834-waverly-street,1,
705 Walton Street,6584972,market,market; active_single; listed,True,False,—,none,act_705-walton-street,1,
830 WAVERLY Street,97695610,market,market; active_single; listed,True,False,—,none,act_830-waverly-street,1,
614 Ridge Street,90107924,market,market; active_single; listed,True,False,—,none,act_614-ridge-street,1,
2218 Gostick Street,87300082,market,market; active_single; listed,True,False,—,none,act_2218-gostick-street,1,
"1225 Ashland St A, Houston, TX 77008",—,no evidenced stage,none,False,False,—,none,pmt_1225-ashland-st-a-77008,1,
"839 Allston St, Houston, TX 77007",—,foundation,active_single,False,False,—,none,pmt_839-allston-st-77007,1,
"1922 Bonner St, Houston, TX 77007",—,sitework,active_single,False,False,—,none,pmt_1922-bonner-st-77007,1,
"606 Link Rd F, Houston, TX 77009",—,no evidenced stage,none,False,False,—,none,pmt_606-link-rd-f-77009,1,
"606 Link Rd E, Houston, TX 77009",—,no evidenced stage,none,False,False,—,none,pmt_606-link-rd-e-77009,1,
"606 Link Rd D, Houston, TX 77009",—,no evidenced stage,none,False,False,—,none,pmt_606-link-rd-d-77009,1,
"606 Link Rd C, Houston, TX 77009",—,no evidenced stage,none,False,False,—,none,pmt_606-link-rd-c-77009,1,
"606 Link Rd B, Houston, TX 77009",—,no evidenced stage,none,False,False,—,none,pmt_606-link-rd-b-77009,1,
"606 Link Rd A, Houston, TX 77009",—,no evidenced stage,none,False,False,—,none,pmt_606-link-rd-a-77009,1,
"4616 Eli St C, Houston, TX 77007",—,foundation,none,False,False,—,none,pmt_4616-eli-st-c-77007,1,
"4612 Eli St B, Houston, TX 77007",—,foundation,none,False,False,—,none,pmt_4612-eli-st-b-77007,1,
"2311 Roy Cir, Houston, TX 77007",—,sitework,none,False,False,—,none,pmt_2311-roy-cir-77007,1,
"1019 E 7th St, Houston, TX 77009",—,no evidenced stage,none,False,False,—,none,pmt_1019-e-7th-st-77009,1,
"4616 Eli St A, Houston, TX 77007",—,foundation,none,False,False,—,none,pmt_4616-eli-st-a-77007,1,
"1439 Laird St, Houston, Tx 77008",—,no evidenced stage,none,False,False,—,none,2131085991,1,
"1133 Adele St, Houston, Tx 77009",—,no evidenced stage,none,False,False,—,none,2131191490,1,
"1440 Arlington St, Houston, Tx 77008",—,no evidenced stage,none,False,False,—,none,2131043751,1,
"1619 Cortlandt St, Houston, Tx 77008",—,no evidenced stage,none,False,False,—,none,2131283575,1,
"1424 Ashland St, Houston, Tx 77008",—,no evidenced stage,none,False,False,—,none,2131284732,1,
"813 Bayland Ave, Houston, Tx 77009",—,no evidenced stage,none,False,False,—,none,2131249205,1,
"1811 W 14th 1/2 St, Houston, Tx 77008",—,no evidenced stage,none,False,False,—,none,2131475807,1,
"1129 Highland St, Houston, Tx 77009",—,no evidenced stage,none,False,False,—,none,2131374679,1,
"1014 Robbie St, Houston, Tx 77009",—,no evidenced stage,none,False,False,—,none,2131191859,1,
"1005 E 27th St, Houston, Tx 77009",—,no evidenced stage,none,False,True,1005 E 27th Street: 2026-08-12,none,2131208519,1,
"1031 Nadine St, Houston, Tx 77009",—,no evidenced stage,none,False,False,—,none,2131191265,1,
"206 Tabor St, Houston, Tx 77009",—,no evidenced stage,none,False,False,—,none,2131227325,1,
"1604 Spring St, Houston, Tx 77007",—,no evidenced stage,none,False,False,—,none,2131271381,1,
"1017 Rutland St, Houston, Tx 77008",—,no evidenced stage,none,False,False,—,none,2131285466,1,
"617 Peddie St, Houston, Tx 77008",—,no evidenced stage,none,False,False,—,none,2131312302,1,
"1144 Dorothy St, Houston, Tx 77008",—,no evidenced stage,none,False,True,1144 Dorothy Street: 2026-08-19,none,2131360419,1,
"912 Robbie St, Houston, Tx 77009",—,no evidenced stage,none,False,False,—,none,2131370516,1,
"1126 Bayland Ave, Houston, Tx 77009",—,no evidenced stage,none,False,False,—,none,2131374781,1,
"1214 Farwood St, Houston, Tx 77009",—,no evidenced stage,none,False,False,—,none,2131377369,1,
"1317 Oleander St, Houston, Tx 77009",—,no evidenced stage,none,False,False,—,none,2131377371,1,
"1315 Oleander St, Houston, Tx 77009",—,no evidenced stage,none,False,False,—,none,2131377372,1,
