id,address,group,account,match_status,legal,depth_ft,width_ft,area_sf,unit_letters,unit_count,master_size,master_source,parcel_history,improvement_value,land_value,recommendation,blocking_reason,evidence_source,dimensions_source,prior_geometry,prior_legal,prior_history,current_geometry,current_legal,current_history,unverified_context,context_queries
pmt_1040-voight-st-77009,"1040 Voight St, Houston, TX 77009",DEPTH_BOUNDARY_UNCERTAIN,1483980010002,EXACT,LT 2 BLK 1|VOIGHT STREET VIEWS,99.9999,25.0,2499.98,,1,2,24120301,"[{""acct_continuity"": false, ""addresses"": {""child"": [""1040 VOIGHT ST"", ""1042 VOIGHT ST""], ""parent"": [""1040 VOIGHT ST""]}, ""areas"": {""child_sf"": [2500.0, 2500.0], ""delta_pct"": 0.23, ""parent_sf"": [4988.3], ""sum_child_sf"": 5000.0, ""sum_parent_sf"": 4988.3}, ""child_accts"": [""1483980010002"", ""1483980010001""], ""event"": ""SPLIT"", ""lat"": 29.780284, ""lng"": -95.386061, ""parent_accts"": [""0512040010015""], ""vintage"": ""2024_Oct->2025_Oct""}]",675583,250000,Retain Unknown,Recorded dimensions/access plat distinguishing side-by-side lots from shared access; values and two-unit evidence do not settle access.,HCAD public/public_query/MapServer/0 full attributes + WGS84 polygon; observed history refresh/parcel_events.json,"EPSG:2278 minimum rotated rectangle, not recorded lot dimensions",True,True,True,True,True,True,[],[]
pmt_1042-voight-st-77009,"1042 Voight St, Houston, TX 77009",DEPTH_BOUNDARY_UNCERTAIN,1483980010001,EXACT,LT 1 BLK 1|VOIGHT STREET VIEWS,99.9999,25.0,2499.98,,1,2,24120301,"[{""acct_continuity"": false, ""addresses"": {""child"": [""1040 VOIGHT ST"", ""1042 VOIGHT ST""], ""parent"": [""1040 VOIGHT ST""]}, ""areas"": {""child_sf"": [2500.0, 2500.0], ""delta_pct"": 0.23, ""parent_sf"": [4988.3], ""sum_child_sf"": 5000.0, ""sum_parent_sf"": 4988.3}, ""child_accts"": [""1483980010002"", ""1483980010001""], ""event"": ""SPLIT"", ""lat"": 29.780284, ""lng"": -95.386061, ""parent_accts"": [""0512040010015""], ""vintage"": ""2024_Oct->2025_Oct""}]",705055,250000,Retain Unknown,Recorded dimensions/access plat distinguishing side-by-side lots from shared access; values and two-unit evidence do not settle access.,HCAD public/public_query/MapServer/0 full attributes + WGS84 polygon; observed history refresh/parcel_events.json,"EPSG:2278 minimum rotated rectangle, not recorded lot dimensions",True,True,True,True,True,True,[],[]
pmt_1132-adele-st-77009,"1132 Adele St, Houston, TX 77009",DEPTH_BOUNDARY_UNCERTAIN,1446520010002,EXACT,LT 2 BLK 1|ADELE LANDING,100.0001,24.9998,2499.98,,1,2,25039338,[],487741,175000,Retain Unknown,Recorded dimensions/access plat distinguishing side-by-side lots from shared access; values and two-unit evidence do not settle access.,HCAD public/public_query/MapServer/0 full attributes + WGS84 polygon; observed history refresh/parcel_events.json,"EPSG:2278 minimum rotated rectangle, not recorded lot dimensions",True,True,False,True,True,False,[],[]
pmt_1308-edwards-st-a-77007,"1308 Edwards St A, Houston, TX 77007",DEPTH_BOUNDARY_UNCERTAIN,1490260010002,EXACT,LT 2 BLK 1|EDWARDS HEIGHTS,100.0002,25.5,2550.0,A,2,,none,"[{""acct_continuity"": false, ""addresses"": {""child"": [""1308 EDWARDS ST"", ""1308 EDWARDS ST""], ""parent"": [""1308 EDWARDS ST""]}, ""areas"": {""child_sf"": [2450.0, 2550.0], ""delta_pct"": 0.0, ""parent_sf"": [4999.9], ""sum_child_sf"": 5000.0, ""sum_parent_sf"": 4999.9}, ""child_accts"": [""1490260010001"", ""1490260010002""], ""event"": ""SPLIT"", ""lat"": 29.771016, ""lng"": -95.370395, ""parent_accts"": [""0050880000002""], ""vintage"": ""2025_Oct->2026_Jul""}]",263283,166000,Retain Unknown,Recorded dimensions/access plat distinguishing side-by-side lots from shared access; values and two-unit evidence do not settle access.,HCAD public/public_query/MapServer/0 full attributes + WGS84 polygon; observed history refresh/parcel_events.json,"EPSG:2278 minimum rotated rectangle, not recorded lot dimensions",True,True,True,True,True,True,[],[]
pmt_1308-edwards-st-b-77007,"1308 Edwards St B, Houston, TX 77007",DEPTH_BOUNDARY_UNCERTAIN,1490260010001,EXACT,LT 1 BLK 1|EDWARDS HEIGHTS,100.0001,24.5,2450.0,B,2,2,25048881,"[{""acct_continuity"": false, ""addresses"": {""child"": [""1308 EDWARDS ST"", ""1308 EDWARDS ST""], ""parent"": [""1308 EDWARDS ST""]}, ""areas"": {""child_sf"": [2450.0, 2550.0], ""delta_pct"": 0.0, ""parent_sf"": [4999.9], ""sum_child_sf"": 5000.0, ""sum_parent_sf"": 4999.9}, ""child_accts"": [""1490260010001"", ""1490260010002""], ""event"": ""SPLIT"", ""lat"": 29.771016, ""lng"": -95.370395, ""parent_accts"": [""0050880000002""], ""vintage"": ""2025_Oct->2026_Jul""}]",294871,162000,Retain Unknown,Recorded dimensions/access plat distinguishing side-by-side lots from shared access; values and two-unit evidence do not settle access.,HCAD public/public_query/MapServer/0 full attributes + WGS84 polygon; observed history refresh/parcel_events.json,"EPSG:2278 minimum rotated rectangle, not recorded lot dimensions",True,True,True,True,True,True,[],[]
pmt_4605-nolda-st-77007,"4605 Nolda St, Houston, TX 77007",DEPTH_BOUNDARY_UNCERTAIN,1478650010001,EXACT,LT 1 BLK 1|NOLDA ENCLAVE,99.9998,25.0001,2500.0,,1,,none,"[{""acct_continuity"": false, ""addresses"": {""child"": [""4605 NOLDA ST"", ""4603 NOLDA ST""], ""parent"": [""4605 NOLDA ST""]}, ""areas"": {""child_sf"": [2500.0, 2500.0], ""delta_pct"": 0.14, ""parent_sf"": [4993.2], ""sum_child_sf"": 5000.0, ""sum_parent_sf"": 4993.2}, ""child_accts"": [""1478650010001"", ""1478650010002""], ""event"": ""SPLIT"", ""lat"": 29.776112, ""lng"": -95.407845, ""parent_accts"": [""0072840000010""], ""vintage"": ""2024_Oct->2025_Oct""}]",0,212500,Retain Unknown,Recorded dimensions/access plat distinguishing side-by-side lots from shared access; values and two-unit evidence do not settle access.,HCAD public/public_query/MapServer/0 full attributes + WGS84 polygon; observed history refresh/parcel_events.json,"EPSG:2278 minimum rotated rectangle, not recorded lot dimensions",True,True,True,True,True,True,[],[]
pmt_5016-schuler-st-77007,"5016 Schuler St, Houston, TX 77007",DEPTH_BOUNDARY_UNCERTAIN,1495650010002,EXACT,LT 2 BLK 1|SCHULER POINT,100.0007,25.0007,2500.01,,1,,none,"[{""acct_continuity"": false, ""addresses"": {""child"": [""5018 SCHULER ST"", ""5016 SCHULER ST""], ""parent"": [""5018 SCHULER ST""]}, ""areas"": {""child_sf"": [2500.0, 2500.0], ""delta_pct"": 0.0, ""parent_sf"": [5000.0], ""sum_child_sf"": 5000.0, ""sum_parent_sf"": 5000.0}, ""child_accts"": [""1495650010001"", ""1495650010002""], ""event"": ""SPLIT"", ""lat"": 29.772876, ""lng"": -95.412219, ""parent_accts"": [""0072600000007""], ""vintage"": ""2025_Oct->2026_Jul""}]",0,175000,Retain Unknown,Recorded dimensions/access plat distinguishing side-by-side lots from shared access; values and two-unit evidence do not settle access.,HCAD public/public_query/MapServer/0 full attributes + WGS84 polygon; observed history refresh/parcel_events.json,"EPSG:2278 minimum rotated rectangle, not recorded lot dimensions",True,True,True,True,True,True,[],[]
pmt_5018-schuler-st-77007,"5018 Schuler St, Houston, TX 77007",DEPTH_BOUNDARY_UNCERTAIN,1495650010001,EXACT,LT 1 BLK 1|SCHULER POINT,100.0008,25.0008,2500.04,,1,,none,"[{""acct_continuity"": false, ""addresses"": {""child"": [""5018 SCHULER ST"", ""5016 SCHULER ST""], ""parent"": [""5018 SCHULER ST""]}, ""areas"": {""child_sf"": [2500.0, 2500.0], ""delta_pct"": 0.0, ""parent_sf"": [5000.0], ""sum_child_sf"": 5000.0, ""sum_parent_sf"": 5000.0}, ""child_accts"": [""1495650010001"", ""1495650010002""], ""event"": ""SPLIT"", ""lat"": 29.772876, ""lng"": -95.412219, ""parent_accts"": [""0072600000007""], ""vintage"": ""2025_Oct->2026_Jul""}]",0,175000,Retain Unknown,Recorded dimensions/access plat distinguishing side-by-side lots from shared access; values and two-unit evidence do not settle access.,HCAD public/public_query/MapServer/0 full attributes + WGS84 polygon; observed history refresh/parcel_events.json,"EPSG:2278 minimum rotated rectangle, not recorded lot dimensions",True,True,True,True,True,True,[],[]
pmt_513-w-8th-st-77007,"513 W 8th St, Houston, TX 77007",DEPTH_BOUNDARY_UNCERTAIN,0202380000038,EXACT,TRS 19B 20B & 21B BLK 242|HOUSTON HEIGHTS,100.0002,44.0,4400.01,,1,,none,[],968100,484000,Retain Unknown,Recorded dimensions/access plat distinguishing side-by-side lots from shared access; values and two-unit evidence do not settle access.,HCAD public/public_query/MapServer/0 full attributes + WGS84 polygon; observed history refresh/parcel_events.json,"EPSG:2278 minimum rotated rectangle, not recorded lot dimensions",True,True,False,True,True,False,[],[]
pmt_602-jewett-st-a-77009,"602 Jewett St A, Houston, TX 77009",DEPTH_BOUNDARY_UNCERTAIN,1482900010002,EXACT,LT 2 BLK 1|PLAZA ESTATES AT JEWETT,99.9999,50.0001,2959.61,A,2,2,25007490,"[{""acct_continuity"": false, ""addresses"": {""child"": [""0 JEWETT ST"", ""0 VINCENT ST""], ""parent"": [""602 JEWETT ST""]}, ""areas"": {""child_sf"": [2040.0, 2960.0], ""delta_pct"": 0.0, ""parent_sf"": [5000.0], ""sum_child_sf"": 5000.0, ""sum_parent_sf"": 5000.0}, ""child_accts"": [""1482900010001"", ""1482900010002""], ""event"": ""SPLIT"", ""lat"": 29.799285, ""lng"": -95.373175, ""parent_accts"": [""0331150630008""], ""vintage"": ""2024_Oct->2025_Oct""}]",460204,146020,Retain Unknown,Recorded dimensions/access plat distinguishing side-by-side lots from shared access; values and two-unit evidence do not settle access.,HCAD public/public_query/MapServer/0 full attributes + WGS84 polygon; observed history refresh/parcel_events.json,"EPSG:2278 minimum rotated rectangle, not recorded lot dimensions",True,True,True,True,True,True,[],[]
pmt_1001-e-27th-st-77009,"1001 E 27th St, Houston, TX 77009",ASSEMBLED_REVIEW,0350820240027,EXACT,LTS 27 & 28 BLK 24|SUNSET HEIGHTS,121.3116,50.202,6057.36,,1,,none,[],622788,450000,Review Single Lot possibility; assembled legal lots alone cannot confirm one home,Human confirmation of house count and access on assembled original lots; legal lot count does not equal home count.,HCAD public/public_query/MapServer/0 full attributes + WGS84 polygon; observed history refresh/parcel_events.json,"EPSG:2278 minimum rotated rectangle, not recorded lot dimensions",True,True,False,True,True,False,[],[]
2131208519,"1005 E 27th St, Houston, Tx 77009",ASSEMBLED_REVIEW,0350820240025,EXACT,LTS 25 & 26 BLK 24|SUNSET HEIGHTS,121.3685,50.1906,6059.0,,1,,none,[],38557,450000,Review Single Lot possibility; assembled legal lots alone cannot confirm one home,Human confirmation of house count and access on assembled original lots; legal lot count does not equal home count.,HCAD public/public_query/MapServer/0 full attributes + WGS84 polygon; observed history refresh/parcel_events.json,"EPSG:2278 minimum rotated rectangle, not recorded lot dimensions",True,True,False,True,True,False,[],[]
2131285466,"1017 Rutland St, Houston, Tx 77008",ASSEMBLED_REVIEW,0202090000013,EXACT,LTS 13 & 14 BLK 213|HOUSTON HEIGHTS,132.0533,66.6221,8791.55,,1,,none,[],89877,958320,Review Single Lot possibility; assembled legal lots alone cannot confirm one home,Human confirmation of house count and access on assembled original lots; legal lot count does not equal home count.,HCAD public/public_query/MapServer/0 full attributes + WGS84 polygon; observed history refresh/parcel_events.json,"EPSG:2278 minimum rotated rectangle, not recorded lot dimensions",True,True,False,True,True,False,[],[]
2131085991,"1439 Laird St, Houston, Tx 77008",ASSEMBLED_REVIEW,0391180000610,EXACT,LTS 610 611 612 & 613|HOUSTON HEIGHTS ANNEX,100.001,100.0005,10000.05,,1,,none,[],100,950000,Review Single Lot possibility; assembled legal lots alone cannot confirm one home,Human confirmation of house count and access on assembled original lots; legal lot count does not equal home count.,HCAD public/public_query/MapServer/0 full attributes + WGS84 polygon; observed history refresh/parcel_events.json,"EPSG:2278 minimum rotated rectangle, not recorded lot dimensions",True,True,False,True,True,False,[],[]
pmt_302-w-23rd-st-77008,"302 W 23rd St, Houston, TX 77008",ASSEMBLED_REVIEW,0200520000001,EXACT,LTS 1 & 2 BLK 56|HOUSTON HEIGHTS,131.0,50.0004,6550.03,,1,,none,[],611675,659585,Review Single Lot possibility; assembled legal lots alone cannot confirm one home,Human confirmation of house count and access on assembled original lots; legal lot count does not equal home count.,HCAD public/public_query/MapServer/0 full attributes + WGS84 polygon; observed history refresh/parcel_events.json,"EPSG:2278 minimum rotated rectangle, not recorded lot dimensions",True,True,False,True,True,False,[],[]
pmt_310-e-27th-st-77008,"310 E 27th St, Houston, TX 77008",ASSEMBLED_REVIEW,0350860320008,EXACT,LTS 8 & 9 BLK 32|SUNSET HEIGHTS,120.0001,50.0005,6000.01,,1,,none,[],834100,510000,Review Single Lot possibility; assembled legal lots alone cannot confirm one home,Human confirmation of house count and access on assembled original lots; legal lot count does not equal home count.,HCAD public/public_query/MapServer/0 full attributes + WGS84 polygon; observed history refresh/parcel_events.json,"EPSG:2278 minimum rotated rectangle, not recorded lot dimensions",True,True,False,True,True,False,[],[]
pmt_319-e-24th-st-77008,"319 E 24th St, Houston, TX 77008",ASSEMBLED_REVIEW,0350980550023,EXACT,LTS 23 & 24 BLK 55|SUNSET HEIGHTS,120.0005,50.0005,6000.06,,1,,none,[],997184,510000,Review Single Lot possibility; assembled legal lots alone cannot confirm one home,Human confirmation of house count and access on assembled original lots; legal lot count does not equal home count.,HCAD public/public_query/MapServer/0 full attributes + WGS84 polygon; observed history refresh/parcel_events.json,"EPSG:2278 minimum rotated rectangle, not recorded lot dimensions",True,True,False,True,True,False,[],[]
pmt_321-e-24th-st-77008,"321 E 24th St, Houston, TX 77008",ASSEMBLED_REVIEW,0350980550021,EXACT,LTS 21 & 22 BLK 55|SUNSET HEIGHTS,120.0001,50.0006,6000.02,,1,,none,[],109495,510000,Review Single Lot possibility; assembled legal lots alone cannot confirm one home,Human confirmation of house count and access on assembled original lots; legal lot count does not equal home count.,HCAD public/public_query/MapServer/0 full attributes + WGS84 polygon; observed history refresh/parcel_events.json,"EPSG:2278 minimum rotated rectangle, not recorded lot dimensions",True,True,False,True,True,False,[],[]
pmt_501-e-26th-st-77008,"501 E 26th St, Houston, TX 77008",ASSEMBLED_REVIEW,0350850300023,EXACT,LTS 23 & 24 BLK 30|SUNSET HEIGHTS,120.3136,50.0004,5999.9,,1,,none,[],71841,510000,Review Single Lot possibility; assembled legal lots alone cannot confirm one home,Human confirmation of house count and access on assembled original lots; legal lot count does not equal home count.,HCAD public/public_query/MapServer/0 full attributes + WGS84 polygon; observed history refresh/parcel_events.json,"EPSG:2278 minimum rotated rectangle, not recorded lot dimensions",True,True,False,True,True,False,[],[]
pmt_608-e-26th-st-77008,"608 E 26th St, Houston, TX 77008",ASSEMBLED_REVIEW,0350900400004,EXACT,LTS 4 & 5 BLK 40|SUNSET HEIGHTS,120.2149,49.9998,5999.94,,1,,none,[],1067041,510000,Review Single Lot possibility; assembled legal lots alone cannot confirm one home,Human confirmation of house count and access on assembled original lots; legal lot count does not equal home count.,HCAD public/public_query/MapServer/0 full attributes + WGS84 polygon; observed history refresh/parcel_events.json,"EPSG:2278 minimum rotated rectangle, not recorded lot dimensions",True,True,False,True,True,False,[],[]
pmt_706-e-7th-st-77007,"706 E 7th St, Houston, TX 77007",ASSEMBLED_REVIEW,0350290550001,EXACT,LT 2 & W 10 FT OF LT 4 BLK 55|STUDES SEC 2 5TH AMEND,124.9997,50.0002,6250.0,,1,,none,"[{""acct_continuity"": true, ""addresses"": {""child"": [""706 E  7TH ST"", ""710 E  7TH ST"", ""714 E  7TH ST""], ""parent"": [""710 E  7TH ST""]}, ""areas"": {""child_sf"": [6250.0, 6250.0, 8125.0], ""delta_pct"": 10.0, ""parent_sf"": [18749.9], ""sum_child_sf"": 20624.9, ""sum_parent_sf"": 18749.9}, ""child_accts"": [""0350290550001"", ""0350290550024"", ""0350290550023""], ""event"": ""PARTIAL"", ""lat"": 29.783166, ""lng"": -95.389326, ""parent_accts"": [""0350290550001""], ""vintage"": ""2024_Oct->2025_Oct""}]",1072165,562500,Review Single Lot possibility; assembled legal lots alone cannot confirm one home,Human confirmation of house count and access on assembled original lots; legal lot count does not equal home count.,HCAD public/public_query/MapServer/0 full attributes + WGS84 polygon; observed history refresh/parcel_events.json,"EPSG:2278 minimum rotated rectangle, not recorded lot dimensions",True,True,True,True,True,True,[],[]
pmt_818-lawrence-st-77007,"818 Lawrence St, Houston, TX 77007",ASSEMBLED_REVIEW,0621980010011,EXACT,LTS 11 & 12 BLK 1|HARDING HEIGHTS,100.0041,42.9999,4300.01,,1,,none,"[{""acct_continuity"": true, ""addresses"": {""child"": [""818 LAWRENCE ST""], ""parent"": [""818 LAWRENCE ST""]}, ""areas"": {""child_sf"": [4300.0], ""delta_pct"": -14.0, ""parent_sf"": [4999.9], ""sum_child_sf"": 4300.0, ""sum_parent_sf"": 4999.9}, ""child_accts"": [""0621980010011""], ""event"": ""RESHAPE"", ""lat"": 29.786024, ""lng"": -95.406662, ""parent_accts"": [""0621980010011""], ""vintage"": ""2025_Oct->2026_Jul""}]",864948,430000,Review Single Lot possibility; assembled legal lots alone cannot confirm one home,Human confirmation of house count and access on assembled original lots; legal lot count does not equal home count.,HCAD public/public_query/MapServer/0 full attributes + WGS84 polygon; observed history refresh/parcel_events.json,"EPSG:2278 minimum rotated rectangle, not recorded lot dimensions",True,True,True,True,True,True,[],[]
pmt_1006-nashua-st-77008,"1006 Nashua St, Houston, TX 77008",UNVERIFIED_PLAT,0771820130008,EXACT,LT 8 BLK 13|TIMBERGROVE MANOR SEC 3,137.4781,62.8696,8588.59,,1,,none,[],402583,402084,Unverified v9 candidate: Split Lot; retain Unknown pending plat/access review,Original plat/replat and access verification; subdivision name alone does not prove subdivision of a parent parcel.,HCAD public/public_query/MapServer/0 full attributes + WGS84 polygon; observed history refresh/parcel_events.json,"EPSG:2278 minimum rotated rectangle, not recorded lot dimensions",True,True,False,True,True,False,[],[]
pmt_1011-worthshire-st-77008,"1011 Worthshire St, Houston, TX 77008",UNVERIFIED_PLAT,0771820200019,EXACT,LT 19 BLK 18|TIMBERGROVE MANOR SEC 4,120.0635,64.9685,7367.85,,1,,none,[],,,Unverified v9 candidate: Split Lot; retain Unknown pending plat/access review,Original plat/replat and access verification; subdivision name alone does not prove subdivision of a parent parcel.,HCAD public/public_query/MapServer/0 full attributes + WGS84 polygon; observed history refresh/parcel_events.json,"EPSG:2278 minimum rotated rectangle, not recorded lot dimensions",True,True,False,True,True,False,[],[]
pmt_1021-ashland-st-77008,"1021 Ashland St, Houston, TX 77008",UNVERIFIED_PLAT,1417040010003,EXACT,LT 3 BLK 1|UNIKA VILLAGE IN THE HEIGHTS,131.9999,39.9998,5279.96,,1,,none,[],0,580800,Unverified v9 candidate: Split Lot; retain Unknown pending plat/access review,Original plat/replat and access verification; subdivision name alone does not prove subdivision of a parent parcel.,HCAD public/public_query/MapServer/0 full attributes + WGS84 polygon; observed history refresh/parcel_events.json,"EPSG:2278 minimum rotated rectangle, not recorded lot dimensions",True,True,False,True,True,False,[],[]
pmt_1023-grovewood-ln-77008,"1023 Grovewood Ln, Houston, TX 77008",UNVERIFIED_PLAT,0771810030023,EXACT,LT 23 BLK 3|TIMBERGROVE MANOR,117.6722,58.4283,6821.14,,1,,none,[],1046562,432000,Unverified v9 candidate: Split Lot; retain Unknown pending plat/access review,Original plat/replat and access verification; subdivision name alone does not prove subdivision of a parent parcel.,HCAD public/public_query/MapServer/0 full attributes + WGS84 polygon; observed history refresh/parcel_events.json,"EPSG:2278 minimum rotated rectangle, not recorded lot dimensions",True,True,False,True,True,False,[],[]
pmt_1110-jerome-st-77009,"1110 Jerome St, Houston, TX 77009",UNVERIFIED_PLAT,0620810030020,EXACT,LT 2 BLK 103|NORTH NORHILL,100.0022,50.1708,5008.56,,1,,none,[],293916,450000,Unverified v9 candidate: Split Lot; retain Unknown pending plat/access review,Original plat/replat and access verification; subdivision name alone does not prove subdivision of a parent parcel.,HCAD public/public_query/MapServer/0 full attributes + WGS84 polygon; observed history refresh/parcel_events.json,"EPSG:2278 minimum rotated rectangle, not recorded lot dimensions",True,True,False,True,True,False,[],[]
pmt_1115-nashua-st-77008,"1115 Nashua St, Houston, TX 77008",UNVERIFIED_PLAT,0771820110017,EXACT,LT 17 BLK 11|TIMBERGROVE MANOR SEC 2 AMEND,124.0003,120.0,14880.01,,1,,none,"[{""acct_continuity"": true, ""addresses"": {""child"": [""1115 NASHUA ST""], ""parent"": [""1115 NASHUA ST""]}, ""areas"": {""child_sf"": [14880.0], ""delta_pct"": 100.86, ""parent_sf"": [7408.3], ""sum_child_sf"": 14880.0, ""sum_parent_sf"": 7408.3}, ""child_accts"": [""0771820110017""], ""event"": ""RESHAPE"", ""lat"": 29.791084, ""lng"": -95.412755, ""parent_accts"": [""0771820110017""], ""vintage"": ""2025_Oct->2026_Jul""}, {""acct_continuity"": true, ""addresses"": {""child"": [""1115 NASHUA ST""], ""parent"": [""1111 NASHUA ST"", ""1115 NASHUA ST""]}, ""areas"": {""child_sf"": [14880.0], ""delta_pct"": -0.41, ""parent_sf"": [7410.0, 7408.3], ""sum_child_sf"": 14880.0, ""sum_parent_sf"": 14818.3}, ""child_accts"": [""0771820110017""], ""event"": ""ASSEMBLY"", ""lat"": 29.790913, ""lng"": -95.412751, ""parent_accts"": [""0771820110018"", ""0771820110017""], ""vintage"": ""2025_Oct->2026_Jul""}]",1044068,878400,Unverified v9 candidate: Split Lot; retain Unknown pending plat/access review,Original plat/replat and access verification; subdivision name alone does not prove subdivision of a parent parcel.,HCAD public/public_query/MapServer/0 full attributes + WGS84 polygon; observed history refresh/parcel_events.json,"EPSG:2278 minimum rotated rectangle, not recorded lot dimensions",True,True,True,True,True,True,[],[]
pmt_1134-adele-st-77009,"1134 Adele St, Houston, TX 77009",UNVERIFIED_PLAT,1446520010001,EXACT,LT 1 BLK 1|ADELE LANDING,100.0001,25.0001,2500.01,,1,,none,[],487741,175000,Unverified v9 candidate: Split Lot; retain Unknown pending plat/access review,Original plat/replat and access verification; subdivision name alone does not prove subdivision of a parent parcel.,HCAD public/public_query/MapServer/0 full attributes + WGS84 polygon; observed history refresh/parcel_events.json,"EPSG:2278 minimum rotated rectangle, not recorded lot dimensions",True,True,False,True,True,False,[],[]
pmt_1211-bay-oaks-rd-77008,"1211 Bay Oaks Rd, Houston, TX 77008",UNVERIFIED_PLAT,0771810060014,EXACT,LT 14 BLK 6|TIMBERGROVE MANOR,175.4352,64.2205,9808.0,,1,,none,[],950001,523800,Unverified v9 candidate: Split Lot; retain Unknown pending plat/access review,Original plat/replat and access verification; subdivision name alone does not prove subdivision of a parent parcel.,HCAD public/public_query/MapServer/0 full attributes + WGS84 polygon; observed history refresh/parcel_events.json,"EPSG:2278 minimum rotated rectangle, not recorded lot dimensions",True,True,False,True,True,False,[],[]
2131377369,"1214 Farwood St, Houston, Tx 77009",UNVERIFIED_PLAT,0571440000007,EXACT,LT 7 BLK 2|FARWOOD,102.2823,49.5373,4993.57,,1,,none,[],100551,185250,Unverified v9 candidate: Split Lot; retain Unknown pending plat/access review,Original plat/replat and access verification; subdivision name alone does not prove subdivision of a parent parcel.,HCAD public/public_query/MapServer/0 full attributes + WGS84 polygon; observed history refresh/parcel_events.json,"EPSG:2278 minimum rotated rectangle, not recorded lot dimensions",True,True,False,True,True,False,[],[]
pmt_1312-e-28th-st-a-77009,"1312 E 28th St A, Houston, TX 77009",UNVERIFIED_PLAT,0580150000005,EXACT,LT 5 BLK 3|EAST SUNSET HEIGHTS,100.0293,50.0009,5000.08,A,1,,none,[],490357,250000,Unverified v9 candidate: Split Lot; retain Unknown pending plat/access review,Original plat/replat and access verification; subdivision name alone does not prove subdivision of a parent parcel.,HCAD public/public_query/MapServer/0 full attributes + WGS84 polygon; observed history refresh/parcel_events.json,"EPSG:2278 minimum rotated rectangle, not recorded lot dimensions",True,True,False,True,True,False,[],[]
2131377372,"1315 Oleander St, Houston, Tx 77009",UNVERIFIED_PLAT,0571440000012,EXACT,LT 12 BLK 2|FARWOOD,99.3605,52.9295,5066.29,,1,,none,[],89028,185250,Unverified v9 candidate: Common Driveway; retain Unknown pending plat/access review,Original plat/replat and access verification; subdivision name alone does not prove subdivision of a parent parcel.,HCAD public/public_query/MapServer/0 full attributes + WGS84 polygon; observed history refresh/parcel_events.json,"EPSG:2278 minimum rotated rectangle, not recorded lot dimensions",True,True,False,True,True,False,[],[]
2131377371,"1317 Oleander St, Houston, Tx 77009",UNVERIFIED_PLAT,0571440000011,EXACT,LT 11 BLK 2|FARWOOD,101.4819,50.9187,5039.56,,1,,none,[],67796,185250,Unverified v9 candidate: Split Lot; retain Unknown pending plat/access review,Original plat/replat and access verification; subdivision name alone does not prove subdivision of a parent parcel.,HCAD public/public_query/MapServer/0 full attributes + WGS84 polygon; observed history refresh/parcel_events.json,"EPSG:2278 minimum rotated rectangle, not recorded lot dimensions",True,True,False,True,True,False,[],[]
pmt_1519-glen-oaks-st-77008,"1519 Glen Oaks St, Houston, TX 77008",UNVERIFIED_PLAT,0771820170009,EXACT,LT 9 BLK 17|TIMBERGROVE MANOR SEC 3,246.6927,84.8158,16066.41,,1,,none,[],834034,584757,Unverified v9 candidate: Split Lot; retain Unknown pending plat/access review,Original plat/replat and access verification; subdivision name alone does not prove subdivision of a parent parcel.,HCAD public/public_query/MapServer/0 full attributes + WGS84 polygon; observed history refresh/parcel_events.json,"EPSG:2278 minimum rotated rectangle, not recorded lot dimensions",True,True,False,True,True,False,[],[]
pmt_1520-winter-st-77007,"1520 Winter St, Houston, TX 77007",UNVERIFIED_PLAT,1477970010006,EXACT,LT 6 BLK 1|WINTER FALLS,65.7691,25.2572,1619.04,,1,,none,"[{""acct_continuity"": false, ""addresses"": {""child"": [""1520 WINTER ST"", ""1522 WINTER ST"", ""0 JOHNSON ST"", ""0 JOHNSON ST"", ""0 JOHNSON ST""], ""parent"": [""1520 WINTER ST""]}, ""areas"": {""child_sf"": [1619.0, 1787.4, 319.1, 225.4, 197.3], ""delta_pct"": -19.92, ""parent_sf"": [5180.0], ""sum_child_sf"": 4148.3, ""sum_parent_sf"": 5180.0}, ""child_accts"": [""1477970010006"", ""1477970010007"", ""1477970010008"", ""1477970010010"", ""1477970010009""], ""event"": ""PARTIAL"", ""lat"": 29.772471, ""lng"": -95.373406, ""parent_accts"": [""0051050000001""], ""vintage"": ""2024_Oct->2025_Oct""}]",229584,128760,Unverified v9 candidate: Common Driveway; retain Unknown pending plat/access review,Original plat/replat and access verification; subdivision name alone does not prove subdivision of a parent parcel.,HCAD public/public_query/MapServer/0 full attributes + WGS84 polygon; observed history refresh/parcel_events.json,"EPSG:2278 minimum rotated rectangle, not recorded lot dimensions",True,True,True,True,True,True,[],[]
pmt_1522-winter-st-77007,"1522 Winter St, Houston, TX 77007",UNVERIFIED_PLAT,1477970010007,EXACT,LT 7 BLK 1|WINTER FALLS,69.14,25.9999,1787.44,,1,,none,"[{""acct_continuity"": false, ""addresses"": {""child"": [""1520 WINTER ST"", ""1522 WINTER ST"", ""0 JOHNSON ST"", ""0 JOHNSON ST"", ""0 JOHNSON ST""], ""parent"": [""1520 WINTER ST""]}, ""areas"": {""child_sf"": [1619.0, 1787.4, 319.1, 225.4, 197.3], ""delta_pct"": -19.92, ""parent_sf"": [5180.0], ""sum_child_sf"": 4148.3, ""sum_parent_sf"": 5180.0}, ""child_accts"": [""1477970010006"", ""1477970010007"", ""1477970010008"", ""1477970010010"", ""1477970010009""], ""event"": ""PARTIAL"", ""lat"": 29.772471, ""lng"": -95.373406, ""parent_accts"": [""0051050000001""], ""vintage"": ""2024_Oct->2025_Oct""}]",229584,135480,Unverified v9 candidate: Common Driveway; retain Unknown pending plat/access review,Original plat/replat and access verification; subdivision name alone does not prove subdivision of a parent parcel.,HCAD public/public_query/MapServer/0 full attributes + WGS84 polygon; observed history refresh/parcel_events.json,"EPSG:2278 minimum rotated rectangle, not recorded lot dimensions",True,True,True,True,True,True,[],[]
2131271381,"1604 Spring St, Houston, Tx 77007",UNVERIFIED_PLAT,0142570000007,EXACT,TRS 2A 3B & 4A BLK 3|FRITZ,149.9988,44.8838,5279.99,,1,,none,[],101030,271440,Unverified v9 candidate: Split Lot; retain Unknown pending plat/access review,Original plat/replat and access verification; subdivision name alone does not prove subdivision of a parent parcel.,HCAD public/public_query/MapServer/0 full attributes + WGS84 polygon; observed history refresh/parcel_events.json,"EPSG:2278 minimum rotated rectangle, not recorded lot dimensions",True,True,False,True,True,False,[],[]
pmt_1805-palmetto-landing-dr-77009,"1805 Palmetto Landing Dr, Houston, TX 77009",UNVERIFIED_PLAT,1385300010008,EXACT,LT 8 BLK 1|NEWER HEIGHTS VILLAGE,67.0095,29.0077,1943.34,,1,,none,[],212151,136010,Unverified v9 candidate: Common Driveway; retain Unknown pending plat/access review,Original plat/replat and access verification; subdivision name alone does not prove subdivision of a parent parcel.,HCAD public/public_query/MapServer/0 full attributes + WGS84 polygon; observed history refresh/parcel_events.json,"EPSG:2278 minimum rotated rectangle, not recorded lot dimensions",True,True,False,True,True,False,[],[]
2131475807,"1811 W 14th 1/2 St, Houston, Tx 77008",UNVERIFIED_PLAT,0720130080014,EXACT,TR 1C BLK 8|CLARK PINES SEC 2,107.2999,59.8527,5971.21,,1,,none,[],56668,384150,Unverified v9 candidate: Split Lot; retain Unknown pending plat/access review,Original plat/replat and access verification; subdivision name alone does not prove subdivision of a parent parcel.,HCAD public/public_query/MapServer/0 full attributes + WGS84 polygon; observed history refresh/parcel_events.json,"EPSG:2278 minimum rotated rectangle, not recorded lot dimensions",True,True,False,True,True,False,[],[]
pmt_1813-w-14th-st-77008,"1813 W 14th St, Houston, TX 77008",UNVERIFIED_PLAT,0720120020011,EXACT,TR 11B BLK 2|CLARK PINES,132.7281,60.0005,7949.88,,1,,none,[],0,491400,Unverified v9 candidate: Split Lot; retain Unknown pending plat/access review,Original plat/replat and access verification; subdivision name alone does not prove subdivision of a parent parcel.,HCAD public/public_query/MapServer/0 full attributes + WGS84 polygon; observed history refresh/parcel_events.json,"EPSG:2278 minimum rotated rectangle, not recorded lot dimensions",True,True,False,True,True,False,[],[]
pmt_1910-w-14th-1-2-st-77008,"1910 W 14th 1/2 St, Houston, TX 77008",UNVERIFIED_PLAT,0720130090001,EXACT,LT 1 BLK 9|CLARK PINES SEC 2,110.0003,90.0003,9890.59,,1,,none,[],899826,555750,Unverified v9 candidate: Split Lot; retain Unknown pending plat/access review,Original plat/replat and access verification; subdivision name alone does not prove subdivision of a parent parcel.,HCAD public/public_query/MapServer/0 full attributes + WGS84 polygon; observed history refresh/parcel_events.json,"EPSG:2278 minimum rotated rectangle, not recorded lot dimensions",True,True,False,True,True,False,[],[]
pmt_1918-johnson-st-77007,"1918 Johnson St, Houston, TX 77007",UNVERIFIED_PLAT,1478670010002,EXACT,LT 2 BLK 1|CUSTUS ESTATES,88.1904,50.0005,4409.53,,1,,none,"[{""acct_continuity"": false, ""addresses"": {""child"": [""1918 JOHNSON ST""], ""parent"": [""0 JOHNSON ST""]}, ""areas"": {""child_sf"": [4409.5], ""delta_pct"": 121.03, ""parent_sf"": [1995.0], ""sum_child_sf"": 4409.5, ""sum_parent_sf"": 1995.0}, ""child_accts"": [""1478670010002""], ""event"": ""RESHAPE"", ""lat"": 29.774901, ""lng"": -95.373443, ""parent_accts"": [""1368150010005""], ""vintage"": ""2024_Oct->2025_Oct""}]",180843,286650,Unverified v9 candidate: Common Driveway; retain Unknown pending plat/access review,Original plat/replat and access verification; subdivision name alone does not prove subdivision of a parent parcel.,HCAD public/public_query/MapServer/0 full attributes + WGS84 polygon; observed history refresh/parcel_events.json,"EPSG:2278 minimum rotated rectangle, not recorded lot dimensions",True,True,True,True,True,True,[],[]
pmt_2008-w-14th-1-2-st-77008,"2008 W 14th 1/2 St, Houston, TX 77008",UNVERIFIED_PLAT,0720130110005,EXACT,LT 5 BLK 11|CLARK PINES SEC 2,111.5717,70.5235,7814.86,,1,,none,[],975750,484250,Unverified v9 candidate: Split Lot; retain Unknown pending plat/access review,Original plat/replat and access verification; subdivision name alone does not prove subdivision of a parent parcel.,HCAD public/public_query/MapServer/0 full attributes + WGS84 polygon; observed history refresh/parcel_events.json,"EPSG:2278 minimum rotated rectangle, not recorded lot dimensions",True,True,False,True,True,False,[],[]
pmt_2311-roy-cir-77007,"2311 Roy Cir, Houston, TX 77007",UNVERIFIED_PLAT,0800710000011,EXACT,LT 11 BLK 1|COTTAGE OAKS,120.8933,56.6612,6819.89,,1,,none,[],,,Unverified v9 candidate: Split Lot; retain Unknown pending plat/access review,Original plat/replat and access verification; subdivision name alone does not prove subdivision of a parent parcel.,HCAD public/public_query/MapServer/0 full attributes + WGS84 polygon; observed history refresh/parcel_events.json,"EPSG:2278 minimum rotated rectangle, not recorded lot dimensions",True,True,False,True,True,False,[],[]
pmt_2701-julian-st-77009,"2701 Julian St, Houston, TX 77009",UNVERIFIED_PLAT,0562880000025,EXACT,LT 25 BLK 2|RIDGEMONT SEC 1,102.5262,92.8685,7062.3,,1,,none,[],597286,812500,Unverified v9 candidate: Split Lot; retain Unknown pending plat/access review,Original plat/replat and access verification; subdivision name alone does not prove subdivision of a parent parcel.,HCAD public/public_query/MapServer/0 full attributes + WGS84 polygon; observed history refresh/parcel_events.json,"EPSG:2278 minimum rotated rectangle, not recorded lot dimensions",True,True,False,True,True,False,[],[]
pmt_5114-eigel-st-77007,"5114 Eigel St, Houston, TX 77007",UNVERIFIED_PLAT,0072760000004,EXACT,LT 4 BLK 92|BRUNNER,100.0001,50.0001,4999.98,,1,,none,[],100,399900,Unverified v9 candidate: Split Lot; retain Unknown pending plat/access review,Original plat/replat and access verification; subdivision name alone does not prove subdivision of a parent parcel.,HCAD public/public_query/MapServer/0 full attributes + WGS84 polygon; observed history refresh/parcel_events.json,"EPSG:2278 minimum rotated rectangle, not recorded lot dimensions",True,True,False,True,True,False,[],[]
pmt_5212-kansas-st-77007,"5212 Kansas St, Houston, TX 77007",UNVERIFIED_PLAT,0102020000087,EXACT,LTS 1087 1088 & 1089|COTTAGE GROVE SEC 1,107.6593,74.8182,8036.58,,1,,none,[],0,481500,Unverified v9 candidate: Split Lot; retain Unknown pending plat/access review,Original plat/replat and access verification; subdivision name alone does not prove subdivision of a parent parcel.,HCAD public/public_query/MapServer/0 full attributes + WGS84 polygon; observed history refresh/parcel_events.json,"EPSG:2278 minimum rotated rectangle, not recorded lot dimensions",True,True,False,True,True,False,[],[]
pmt_717-e-5th-1-2-st-77007,"717 E 5th 1/2 St, Houston, TX 77007",UNVERIFIED_PLAT,1464340010002,EXACT,LT 2 BLK 1|SOLAR STREET PLAZA,125.056,78.2435,7144.02,,1,,none,[],1253800,646200,Unverified v9 candidate: Split Lot; retain Unknown pending plat/access review,Original plat/replat and access verification; subdivision name alone does not prove subdivision of a parent parcel.,HCAD public/public_query/MapServer/0 full attributes + WGS84 polygon; observed history refresh/parcel_events.json,"EPSG:2278 minimum rotated rectangle, not recorded lot dimensions",True,True,False,True,True,False,[],[]
pmt_730-e-13th-1-2-st-77008,"730 E 13th 1/2 St, Houston, TX 77008",UNVERIFIED_PLAT,0522740000008,EXACT,LT 8 BLK 6|KUTSCHBACH,125.0899,49.9998,6254.47,,1,,none,[],1204250,593750,Unverified v9 candidate: Split Lot; retain Unknown pending plat/access review,Original plat/replat and access verification; subdivision name alone does not prove subdivision of a parent parcel.,HCAD public/public_query/MapServer/0 full attributes + WGS84 polygon; observed history refresh/parcel_events.json,"EPSG:2278 minimum rotated rectangle, not recorded lot dimensions",True,True,False,True,True,False,[],[]
2131370516,"912 Robbie St, Houston, Tx 77009",UNVERIFIED_PLAT,0513500000012,EXACT,LT 12 & TR 13A BLK 6|PINERIDGE,100.0009,60.0001,6000.01,,1,,none,[],41196,450000,Unverified v9 candidate: Split Lot; retain Unknown pending plat/access review,Original plat/replat and access verification; subdivision name alone does not prove subdivision of a parent parcel.,HCAD public/public_query/MapServer/0 full attributes + WGS84 polygon; observed history refresh/parcel_events.json,"EPSG:2278 minimum rotated rectangle, not recorded lot dimensions",True,True,False,True,True,False,[],[]
pmt_742-allston-st-77007,"742 Allston St, Houston, TX 77007",LEGAL_UNAVAILABLE,,NO_MATCH,Unavailable,,,,,1,,none,[],Unavailable,Unavailable,Retain Unknown,Verified HCAD account or recorded plat for this exact home; successful address query found no exact match.,HCAD public/public_query/MapServer/0 full attributes + WGS84 polygon; observed history refresh/parcel_events.json,"EPSG:2278 minimum rotated rectangle, not recorded lot dimensions",False,False,False,False,False,False,[],[]
2131312670,"1003 Enid St, Houston, Tx 77009",HELD_TRIAGE,0331310910008,EXACT,LT 8 BLK 91|BROOKE SMITH,100.0002,50.0007,5000.01,,1,,none,[],42508,300000,Not evaluated: human hold; RESOLVED-SINGLE,"Prior human hold: requires explicit re-review; no classification authorized this session. legal LT n + 5,000 sf full lot",HCAD public/public_query/MapServer/0 full attributes + WGS84 polygon; observed history refresh/parcel_events.json,"EPSG:2278 minimum rotated rectangle, not recorded lot dimensions",True,True,False,True,True,False,[],[]
2131312288,"1007 Cordell St, Houston, Tx 77009",HELD_TRIAGE,0331260820010,EXACT,LT 10 BLK 82|BROOKE SMITH,100.0005,50.0004,5000.04,,1,,none,[],254737,300000,Not evaluated: human hold; RESOLVED-SINGLE,"Prior human hold: requires explicit re-review; no classification authorized this session. legal LT n + 5,000 sf full lot",HCAD public/public_query/MapServer/0 full attributes + WGS84 polygon; observed history refresh/parcel_events.json,"EPSG:2278 minimum rotated rectangle, not recorded lot dimensions",True,True,False,True,True,False,[],[]
2131374828,"1010 Woodland St, Houston, Tx 77009",HELD_TRIAGE,0620660000003,EXACT,LT 3 BLK 15|NORHILL,100.7704,50.4128,5078.13,,1,,none,[],0,625000,Not evaluated: human hold; RESOLVED-SINGLE,"Prior human hold: requires explicit re-review; no classification authorized this session. legal LT n + 5,078 sf full lot",HCAD public/public_query/MapServer/0 full attributes + WGS84 polygon; observed history refresh/parcel_events.json,"EPSG:2278 minimum rotated rectangle, not recorded lot dimensions",True,True,False,True,True,False,[],[]
pmt_1013-woodland-st-77009,"1013 Woodland St, Houston, TX 77009",HELD_TRIAGE,0620650000013,EXACT,LT 13 BLK 14|NORHILL,101.0974,50.4094,5090.96,,1,,none,[],115647,625000,Not evaluated: human hold; RESOLVED-SINGLE,"Prior human hold: requires explicit re-review; no classification authorized this session. legal LT n + 5,091 sf full lot",HCAD public/public_query/MapServer/0 full attributes + WGS84 polygon; observed history refresh/parcel_events.json,"EPSG:2278 minimum rotated rectangle, not recorded lot dimensions",True,True,False,True,True,False,[],[]
2131191611,"1015 Adele St, Houston, Tx 77009",HELD_TRIAGE,0350120060007,EXACT,LT 7 BLK 6|STUDES SEC 1,99.7158,50.1805,4981.25,,1,,none,[],,,Not evaluated: human hold; RESOLVED-SINGLE,"Prior human hold: requires explicit re-review; no classification authorized this session. 4,981 sf = 100% of plat median 5,000",HCAD public/public_query/MapServer/0 full attributes + WGS84 polygon; observed history refresh/parcel_events.json,"EPSG:2278 minimum rotated rectangle, not recorded lot dimensions",True,True,False,True,True,False,[],[]
2131191267,"1021 Nadine St, Houston, Tx 77009",HELD_TRIAGE,0350110030005,EXACT,LT 5 BLK 3|STUDES SEC 1,100.0002,50.0003,5000.01,,1,,none,[],12862,375000,Not evaluated: human hold; RESOLVED-SINGLE,"Prior human hold: requires explicit re-review; no classification authorized this session. legal LT n + 5,000 sf full lot",HCAD public/public_query/MapServer/0 full attributes + WGS84 polygon; observed history refresh/parcel_events.json,"EPSG:2278 minimum rotated rectangle, not recorded lot dimensions",True,True,False,True,True,False,[],[]
2131191607,"1025 Adele St, Houston, Tx 77009",HELD_TRIAGE,0350120060004,EXACT,LT 4 BLK 6|STUDES SEC 1,100.0,54.0847,5370.85,,1,,none,[],159915,375000,Not evaluated: human hold; RESOLVED-SINGLE,"Prior human hold: requires explicit re-review; no classification authorized this session. legal LT n + 5,371 sf full lot",HCAD public/public_query/MapServer/0 full attributes + WGS84 polygon; observed history refresh/parcel_events.json,"EPSG:2278 minimum rotated rectangle, not recorded lot dimensions",True,True,False,True,True,False,[],[]
pmt_1032-key-st-77009,"1032 Key St, Houston, TX 77009",HELD_TRIAGE,0621120000029,EXACT,LT 8 BLK 133|NORTH NORHILL,100.0003,50.0001,5000.01,,1,,none,[],0,0,Not evaluated: human hold; RESOLVED-SINGLE,"Prior human hold: requires explicit re-review; no classification authorized this session. legal LT n + 5,000 sf full lot",HCAD public/public_query/MapServer/0 full attributes + WGS84 polygon; observed history refresh/parcel_events.json,"EPSG:2278 minimum rotated rectangle, not recorded lot dimensions",True,True,False,True,True,False,[],[]
pmt_1040-louise-st-77009,"1040 Louise St, Houston, TX 77009",HELD_TRIAGE,0350120060020,EXACT,LT 20 BLK 6|STUDES SEC 1,103.8557,50.1848,5205.19,,1,,none,[],25705,375000,Not evaluated: human hold; RESOLVED-SINGLE,"Prior human hold: requires explicit re-review; no classification authorized this session. 4,908 sf = 98% of plat median 5,000",HCAD public/public_query/MapServer/0 full attributes + WGS84 polygon; observed history refresh/parcel_events.json,"EPSG:2278 minimum rotated rectangle, not recorded lot dimensions",True,True,False,True,True,False,[],[]
2131242651,"1107 E 27th St, Houston, Tx 77009",HELD_TRIAGE,0351100060003,EXACT,LT 3 BLK 6|SUNSET HEIGHTS EXTN ,100.7883,49.9936,4999.45,,1,,none,[],29962,375000,Not evaluated: human hold; RESOLVED-SINGLE,"Prior human hold: requires explicit re-review; no classification authorized this session. 4,999 sf = 100% of plat median 4,999",HCAD public/public_query/MapServer/0 full attributes + WGS84 polygon; observed history refresh/parcel_events.json,"EPSG:2278 minimum rotated rectangle, not recorded lot dimensions",True,True,False,True,True,False,[],[]
2131191542,"1115 Adele St, Houston, Tx 77009",HELD_TRIAGE,0350120050008,EXACT,LT 8 BLK 5|STUDES SEC 1,100.0001,49.9998,4998.86,,1,,none,[],42612,375000,Not evaluated: human hold; RESOLVED-SINGLE,"Prior human hold: requires explicit re-review; no classification authorized this session. 4,999 sf = 100% of plat median 5,000",HCAD public/public_query/MapServer/0 full attributes + WGS84 polygon; observed history refresh/parcel_events.json,"EPSG:2278 minimum rotated rectangle, not recorded lot dimensions",True,True,False,True,True,False,[],[]
2131191409,"1123 Nadine St, Houston, Tx 77009",HELD_TRIAGE,0350110040006,EXACT,LT 6 BLK 4|STUDES SEC 1,100.0002,49.999,4999.85,,1,,none,[],33000,375000,Not evaluated: human hold; RESOLVED-SINGLE,"Prior human hold: requires explicit re-review; no classification authorized this session. 5,000 sf = 100% of plat median 5,000",HCAD public/public_query/MapServer/0 full attributes + WGS84 polygon; observed history refresh/parcel_events.json,"EPSG:2278 minimum rotated rectangle, not recorded lot dimensions",True,True,False,True,True,False,[],[]
2131200959,"1124 W 21st St, Houston, Tx 77008",HELD_TRIAGE,0610190030009,EXACT,TR 9A BLK 3|QUENSELL LAWN,73.7836,60.0006,4293.83,,1,,none,[],73762,300300,Not evaluated: human hold; RESOLVED-SPLIT,"Prior human hold: requires explicit re-review; no classification authorized this session. 4,294 sf = 59% of plat median 7,250",HCAD public/public_query/MapServer/0 full attributes + WGS84 polygon; observed history refresh/parcel_events.json,"EPSG:2278 minimum rotated rectangle, not recorded lot dimensions",True,True,False,True,True,False,[],[]
2131200820,"1126 W 22nd St, Houston, Tx 77008",HELD_TRIAGE,0610190020015,EXACT,LTS 14 & 15 BLK 2|QUENSELL LAWN,144.9996,100.0004,14499.93,,1,,none,[],105606,942500,Not evaluated: human hold; GENUINELY-AMBIGUOUS,"Prior human hold: requires explicit re-review; no classification authorized this session. 14,500 sf — larger than any Heights full lot",HCAD public/public_query/MapServer/0 full attributes + WGS84 polygon; observed history refresh/parcel_events.json,"EPSG:2278 minimum rotated rectangle, not recorded lot dimensions",True,True,False,True,True,False,[],[]
2131191475,"1128 Adele St, Houston, Tx 77009",HELD_TRIAGE,0350110040018,EXACT,LT 18 BLK 4|STUDES SEC 1,100.0762,50.0308,4995.54,,1,,none,[],10000,375000,Not evaluated: human hold; RESOLVED-SINGLE,"Prior human hold: requires explicit re-review; no classification authorized this session. 4,996 sf = 100% of plat median 5,000",HCAD public/public_query/MapServer/0 full attributes + WGS84 polygon; observed history refresh/parcel_events.json,"EPSG:2278 minimum rotated rectangle, not recorded lot dimensions",True,True,False,True,True,False,[],[]
pmt_1138-fugate-st-77009,"1138 Fugate St, Houston, TX 77009",HELD_TRIAGE,0621010000010,EXACT,LT 10 BLK 122|NORTH NORHILL,99.9997,49.9999,4999.94,,1,,none,[],0,450000,Not evaluated: human hold; GENUINELY-AMBIGUOUS,"Prior human hold: requires explicit re-review; no classification authorized this session. no parcel, no legal",HCAD public/public_query/MapServer/0 full attributes + WGS84 polygon; observed history refresh/parcel_events.json,"EPSG:2278 minimum rotated rectangle, not recorded lot dimensions",True,True,False,True,True,False,[],[]
2131437447,"117 E 25th St, Houston, Tx 77008",HELD_TRIAGE,0562820000009,EXACT,LTS 8 & 9 BLK 8|MILROY PLACE,104.0015,91.0,9463.93,,1,,none,[],45560,804440,Not evaluated: human hold; RESOLVED-SINGLE,"Prior human hold: requires explicit re-review; no classification authorized this session. legal assembled 2 lots, 9,464 sf >= 2x2400",HCAD public/public_query/MapServer/0 full attributes + WGS84 polygon; observed history refresh/parcel_events.json,"EPSG:2278 minimum rotated rectangle, not recorded lot dimensions",True,True,False,True,True,False,[],[]
2131437359,"117 Munford St, Houston, Tx 77008",HELD_TRIAGE,0562790000009,EXACT,LT 9 BLK 5|MILROY PLACE,100.0007,51.9997,5199.95,,1,,none,[],148000,442000,Not evaluated: human hold; RESOLVED-SINGLE,"Prior human hold: requires explicit re-review; no classification authorized this session. legal LT n + 5,200 sf full lot",HCAD public/public_query/MapServer/0 full attributes + WGS84 polygon; observed history refresh/parcel_events.json,"EPSG:2278 minimum rotated rectangle, not recorded lot dimensions",True,True,False,True,True,False,[],[]
2131437170,"118 E 24th St, Houston, Tx 77008",HELD_TRIAGE,0562750000012,EXACT,LT 12 BLK 1|MILROY PLACE,99.7411,50.9029,5069.44,,1,,none,[],111521,442000,Not evaluated: human hold; RESOLVED-SINGLE,"Prior human hold: requires explicit re-review; no classification authorized this session. legal LT n + 5,069 sf full lot",HCAD public/public_query/MapServer/0 full attributes + WGS84 polygon; observed history refresh/parcel_events.json,"EPSG:2278 minimum rotated rectangle, not recorded lot dimensions",True,True,False,True,True,False,[],[]
2131177133,"1201 Cordell St, Houston, Tx 77009",HELD_TRIAGE,0331250800007,EXACT,LT 7 BLK 80|BROOKE SMITH,100.1041,50.1777,5021.92,,1,,none,[],120537,300000,Not evaluated: human hold; RESOLVED-SINGLE,"Prior human hold: requires explicit re-review; no classification authorized this session. legal LT n + 5,022 sf full lot",HCAD public/public_query/MapServer/0 full attributes + WGS84 polygon; observed history refresh/parcel_events.json,"EPSG:2278 minimum rotated rectangle, not recorded lot dimensions",True,True,False,True,True,False,[],[]
2131176672,"1204 Cordell St, Houston, Tx 77009",HELD_TRIAGE,0331220730005,EXACT,LT 5 BLK 73|BROOKE SMITH,100.0003,49.9998,4999.99,,1,,none,[],102101,300000,Not evaluated: human hold; RESOLVED-SINGLE,"Prior human hold: requires explicit re-review; no classification authorized this session. 5,000 sf = 100% of plat median 5,000",HCAD public/public_query/MapServer/0 full attributes + WGS84 polygon; observed history refresh/parcel_events.json,"EPSG:2278 minimum rotated rectangle, not recorded lot dimensions",True,True,False,True,True,False,[],[]
2131176668,"1208 Cordell St, Houston, Tx 77009",HELD_TRIAGE,0331220730003,EXACT,LT 3 BLK 73|BROOKE SMITH,100.0,49.9998,4999.97,,1,,none,[],505758,300000,Not evaluated: human hold; RESOLVED-SINGLE,"Prior human hold: requires explicit re-review; no classification authorized this session. 5,000 sf = 100% of plat median 5,000",HCAD public/public_query/MapServer/0 full attributes + WGS84 polygon; observed history refresh/parcel_events.json,"EPSG:2278 minimum rotated rectangle, not recorded lot dimensions",True,True,False,True,True,False,[],[]
2131318291,"1211 Gibbs St, Houston, Tx 77009",HELD_TRIAGE,0350930450029,EXACT,LTS 29 THRU 34 BLK 45|SUNSET HEIGHTS,196.7673,120.2812,20490.69,,1,,none,[],169560,1560900,Not evaluated: human hold; GENUINELY-AMBIGUOUS,"Prior human hold: requires explicit re-review; no classification authorized this session. 20,491 sf — larger than any Heights full lot",HCAD public/public_query/MapServer/0 full attributes + WGS84 polygon; observed history refresh/parcel_events.json,"EPSG:2278 minimum rotated rectangle, not recorded lot dimensions",True,True,False,True,True,False,[],[]
2131179219,"1211 N Durham Dr, Houston, Tx 77008",HELD_TRIAGE,1468120010001,EXACT,RES A BLK 1|FUR PAWS CENTER,124.1408,100.0,12399.98,,1,,none,[],101771,1240000,Not evaluated: human hold; GENUINELY-AMBIGUOUS,"Prior human hold: requires explicit re-review; no classification authorized this session. 12,400 sf — larger than any Heights full lot",HCAD public/public_query/MapServer/0 full attributes + WGS84 polygon; observed history refresh/parcel_events.json,"EPSG:2278 minimum rotated rectangle, not recorded lot dimensions",True,True,False,True,True,False,[],[]
2131537524,"1219 Bay Oaks Rd, Houston, Tx 77008",HELD_TRIAGE,0771810060016,EXACT,LT 16 BLK 6|TIMBERGROVE MANOR,301.942,57.6252,16833.53,,1,,none,[],100,666000,Not evaluated: human hold; GENUINELY-AMBIGUOUS,"Prior human hold: requires explicit re-review; no classification authorized this session. 16,834 sf — larger than any Heights full lot",HCAD public/public_query/MapServer/0 full attributes + WGS84 polygon; observed history refresh/parcel_events.json,"EPSG:2278 minimum rotated rectangle, not recorded lot dimensions",True,True,False,True,True,False,[],[]
2131228942,"1412 Northwood St, Houston, Tx 77009",HELD_TRIAGE,0331430150002,EXACT,LT 2 BLK 115|BROOKE SMITH,105.5318,50.179,5215.23,,1,,none,[],225832,300000,Not evaluated: human hold; RESOLVED-SINGLE,"Prior human hold: requires explicit re-review; no classification authorized this session. legal LT n + 5,215 sf full lot",HCAD public/public_query/MapServer/0 full attributes + WGS84 polygon; observed history refresh/parcel_events.json,"EPSG:2278 minimum rotated rectangle, not recorded lot dimensions",True,True,False,True,True,False,[],[]
2131312852,"1506 Tabor St, Houston, Tx 77009",HELD_TRIAGE,0331340970003,EXACT,LT 3 & TR 4A BLK 97|BROOKE SMITH,99.714,62.618,6221.55,,1,,none,[],416225,360000,Not evaluated: human hold; RESOLVED-SINGLE,"Prior human hold: requires explicit re-review; no classification authorized this session. legal LT n + 1 TR + 6,222 sf full lot",HCAD public/public_query/MapServer/0 full attributes + WGS84 polygon; observed history refresh/parcel_events.json,"EPSG:2278 minimum rotated rectangle, not recorded lot dimensions",True,True,False,True,True,False,[],[]
2131330179,"1518 W 25th St, Houston, Tx 77008",HELD_TRIAGE,0561650000288,EXACT,TR 141E|SHADY ACRES SEC 2,181.4144,145.1903,20116.89,,1,,none,[],23898,1215240,Not evaluated: human hold; GENUINELY-AMBIGUOUS,"Prior human hold: requires explicit re-review; no classification authorized this session. 20,117 sf — larger than any Heights full lot",HCAD public/public_query/MapServer/0 full attributes + WGS84 polygon; observed history refresh/parcel_events.json,"EPSG:2278 minimum rotated rectangle, not recorded lot dimensions",True,True,False,True,True,False,[],[]
2131538738,"1522 Glen Oaks St, Houston, Tx 77008",HELD_TRIAGE,0771820170006,EXACT,LT 6 BLK 17|TIMBERGROVE MANOR SEC 3,237.4591,123.8498,15959.58,,1,,none,[],0,704700,Not evaluated: human hold; GENUINELY-AMBIGUOUS,"Prior human hold: requires explicit re-review; no classification authorized this session. 15,954 sf — larger than any Heights full lot",HCAD public/public_query/MapServer/0 full attributes + WGS84 polygon; observed history refresh/parcel_events.json,"EPSG:2278 minimum rotated rectangle, not recorded lot dimensions",True,True,False,True,True,False,[],[]
pmt_1602-turnpike-rd-77008,"1602 Turnpike Rd, Houston, TX 77008",HELD_TRIAGE,0771820170019,EXACT,LT 19 BLK 17|TIMBERGROVE MANOR SEC 3,303.5196,74.9627,17333.03,,1,,none,[],943750,619992,Not evaluated: human hold; GENUINELY-AMBIGUOUS,"Prior human hold: requires explicit re-review; no classification authorized this session. 17,339 sf — larger than any Heights full lot",HCAD public/public_query/MapServer/0 full attributes + WGS84 polygon; observed history refresh/parcel_events.json,"EPSG:2278 minimum rotated rectangle, not recorded lot dimensions",True,True,False,True,True,False,[],[]
2131331239,"1610 W 21st St, Houston, Tx 77008",HELD_TRIAGE,0561660000250,EXACT,LTS 250 & 251|SHADY ACRES SEC 2,126.9222,99.9995,12653.55,,1,,none,[],50782,737100,Not evaluated: human hold; GENUINELY-AMBIGUOUS,"Prior human hold: requires explicit re-review; no classification authorized this session. 12,654 sf — larger than any Heights full lot",HCAD public/public_query/MapServer/0 full attributes + WGS84 polygon; observed history refresh/parcel_events.json,"EPSG:2278 minimum rotated rectangle, not recorded lot dimensions",True,True,False,True,True,False,[],[]
2131313407,"1631 Walton St, Houston, Tx 77009",HELD_TRIAGE,0521510000008,EXACT,LT 8|OAKDALE PLACE 2ND R/P,100.6901,52.8305,5278.85,,1,,none,[],90000,250000,Not evaluated: human hold; RESOLVED-SINGLE,"Prior human hold: requires explicit re-review; no classification authorized this session. legal LT n + 5,279 sf full lot",HCAD public/public_query/MapServer/0 full attributes + WGS84 polygon; observed history refresh/parcel_events.json,"EPSG:2278 minimum rotated rectangle, not recorded lot dimensions",True,True,False,True,True,False,[],[]
2131187484,"1808 N Shepherd Dr, Houston, Tx 77008",HELD_TRIAGE,1455700010001,EXACT,RES A BLK 1|HEIGHTS HAVEN,150.1282,131.0002,19649.92,,1,,none,[],484873,1964600,Not evaluated: human hold; GENUINELY-AMBIGUOUS,"Prior human hold: requires explicit re-review; no classification authorized this session. 19,650 sf — larger than any Heights full lot",HCAD public/public_query/MapServer/0 full attributes + WGS84 polygon; observed history refresh/parcel_events.json,"EPSG:2278 minimum rotated rectangle, not recorded lot dimensions",True,True,False,True,True,False,[],[]
2131437247,"205 E 24th St, Houston, Tx 77008",HELD_TRIAGE,0562770000003,EXACT,LT 3 BLK 3|MILROY PLACE,100.2215,52.9994,5298.31,,1,,none,[],138500,450500,Not evaluated: human hold; RESOLVED-SINGLE,"Prior human hold: requires explicit re-review; no classification authorized this session. legal LT n + 5,298 sf full lot",HCAD public/public_query/MapServer/0 full attributes + WGS84 polygon; observed history refresh/parcel_events.json,"EPSG:2278 minimum rotated rectangle, not recorded lot dimensions",True,True,False,True,True,False,[],[]
2131195093,"205 Northwood St, Houston, Tx 77009",HELD_TRIAGE,0330700000009,EXACT,LT 9 BLK 4|BROOKE SMITH,102.3079,49.9874,5084.71,,1,,none,[],149112,325000,Not evaluated: human hold; RESOLVED-SINGLE,"Prior human hold: requires explicit re-review; no classification authorized this session. legal LT n + 5,085 sf full lot",HCAD public/public_query/MapServer/0 full attributes + WGS84 polygon; observed history refresh/parcel_events.json,"EPSG:2278 minimum rotated rectangle, not recorded lot dimensions",True,True,False,True,True,False,[],[]
2131129729,"2119 Gostick St, Houston, Tx 77008",HELD_TRIAGE,0151570000010,EXACT,TRS 10 & 11A BLK 1|GOSTICK,100.0852,46.0002,4599.91,,1,,none,[],183003,437000,Not evaluated: human hold; GENUINELY-AMBIGUOUS,"Prior human hold: requires explicit re-review; no classification authorized this session. 4,600 sf = 81% of plat median 5,700",HCAD public/public_query/MapServer/0 full attributes + WGS84 polygon; observed history refresh/parcel_events.json,"EPSG:2278 minimum rotated rectangle, not recorded lot dimensions",True,True,False,True,True,False,[],[]
2131437380,"212 E 25th St, Houston, Tx 77008",HELD_TRIAGE,0562800000012,EXACT,LT 12 & E 7FT OF LT 13 BLK 6|MILROY PLACE,98.8866,60.0002,5907.92,,1,,none,[],150000,510000,Not evaluated: human hold; RESOLVED-SINGLE,"Prior human hold: requires explicit re-review; no classification authorized this session. legal assembled 2 lots, 5,908 sf >= 2x2400",HCAD public/public_query/MapServer/0 full attributes + WGS84 polygon; observed history refresh/parcel_events.json,"EPSG:2278 minimum rotated rectangle, not recorded lot dimensions",True,True,False,True,True,False,[],[]
2131227429,"301 Enid St, Houston, Tx 77009",HELD_TRIAGE,0330830000007,EXACT,LT 7 BLK 17|BROOKE SMITH,100.9802,50.6869,5093.01,,1,,none,[],25000,325000,Not evaluated: human hold; RESOLVED-SINGLE,"Prior human hold: requires explicit re-review; no classification authorized this session. legal LT n + 5,093 sf full lot",HCAD public/public_query/MapServer/0 full attributes + WGS84 polygon; observed history refresh/parcel_events.json,"EPSG:2278 minimum rotated rectangle, not recorded lot dimensions",True,True,False,True,True,False,[],[]
2170723831,"303 Enid St, Houston, Tx 77009",HELD_TRIAGE,0330830000014,EXACT,LT 8 BLK 17|BROOKE SMITH,101.0749,50.4194,5093.03,,1,,none,[],65000,325000,Not evaluated: human hold; RESOLVED-SINGLE,"Prior human hold: requires explicit re-review; no classification authorized this session. legal LT n + 5,093 sf full lot",HCAD public/public_query/MapServer/0 full attributes + WGS84 polygon; observed history refresh/parcel_events.json,"EPSG:2278 minimum rotated rectangle, not recorded lot dimensions",True,True,False,True,True,False,[],[]
2131226980,"305 Tabor St, Houston, Tx 77009",HELD_TRIAGE,0330740000009,EXACT,LT 9 BLK 8|BROOKE SMITH,101.7885,50.2026,5090.2,,1,,none,[],60041,325000,Not evaluated: human hold; RESOLVED-SINGLE,"Prior human hold: requires explicit re-review; no classification authorized this session. legal LT n + 5,090 sf full lot",HCAD public/public_query/MapServer/0 full attributes + WGS84 polygon; observed history refresh/parcel_events.json,"EPSG:2278 minimum rotated rectangle, not recorded lot dimensions",True,True,False,True,True,False,[],[]
2131186526,"404 W 21st St, Houston, Tx 77008",HELD_TRIAGE,0200800000001,EXACT,LTS 1 THRU 9 BLK 84|HOUSTON HEIGHTS,224.9905,131.0007,29473.05,,1,,none,[],40086,2210625,Not evaluated: human hold; GENUINELY-AMBIGUOUS,"Prior human hold: requires explicit re-review; no classification authorized this session. 29,473 sf — larger than any Heights full lot",HCAD public/public_query/MapServer/0 full attributes + WGS84 polygon; observed history refresh/parcel_events.json,"EPSG:2278 minimum rotated rectangle, not recorded lot dimensions",True,True,False,True,True,False,[],[]
2131207530,"423 E 28th St, Houston, Tx 77008",HELD_TRIAGE,0350760120013,EXACT,LT 13 & TR 14A BLK 12|SUNSET HEIGHTS,120.2277,37.1434,4447.55,,1,,none,[],34271,369750,Not evaluated: human hold; GENUINELY-AMBIGUOUS,"Prior human hold: requires explicit re-review; no classification authorized this session. 4,448 sf = 77% of plat median 5,754",HCAD public/public_query/MapServer/0 full attributes + WGS84 polygon; observed history refresh/parcel_events.json,"EPSG:2278 minimum rotated rectangle, not recorded lot dimensions",True,True,False,True,True,False,[],[]
2131318786,"427 E 24th St, Houston, Tx 77008",HELD_TRIAGE,0350980560013,EXACT,LTS 13 THRU 17 BLK 56|SUNSET HEIGHTS,123.4265,120.0007,14669.56,,1,,none,[],336910,1275000,Not evaluated: human hold; GENUINELY-AMBIGUOUS,"Prior human hold: requires explicit re-review; no classification authorized this session. 14,670 sf — larger than any Heights full lot",HCAD public/public_query/MapServer/0 full attributes + WGS84 polygon; observed history refresh/parcel_events.json,"EPSG:2278 minimum rotated rectangle, not recorded lot dimensions",True,True,False,True,True,False,[],[]
2131347730,"4308 Julian St, Houston, Tx 77009",HELD_TRIAGE,0590270000006,EXACT,LT 6 BLK 1|PARKER,104.8817,46.3412,4639.1,,1,,none,[],171463,450000,Not evaluated: human hold; RESOLVED-SINGLE,"Prior human hold: requires explicit re-review; no classification authorized this session. 4,639 sf = 101% of plat median 4,603",HCAD public/public_query/MapServer/0 full attributes + WGS84 polygon; observed history refresh/parcel_events.json,"EPSG:2278 minimum rotated rectangle, not recorded lot dimensions",True,True,False,True,True,False,[],[]
2131227565,"507 Cordell St, Houston, Tx 77009",HELD_TRIAGE,0330860000012,EXACT,LT 12 BLK 20|BROOKE SMITH,98.6687,50.1929,4939.81,,1,,none,[],106477,325000,Not evaluated: human hold; RESOLVED-SINGLE,"Prior human hold: requires explicit re-review; no classification authorized this session. 4,940 sf = 100% of plat median 4,940",HCAD public/public_query/MapServer/0 full attributes + WGS84 polygon; observed history refresh/parcel_events.json,"EPSG:2278 minimum rotated rectangle, not recorded lot dimensions",True,True,False,True,True,False,[],[]
2131227567,"511 Cordell St, Houston, Tx 77009",HELD_TRIAGE,0330860000013,EXACT,LT 13 BLK 20|BROOKE SMITH,98.6742,49.9733,4925.55,,1,,none,[],60808,325000,Not evaluated: human hold; RESOLVED-SINGLE,"Prior human hold: requires explicit re-review; no classification authorized this session. 4,926 sf = 100% of plat median 4,940",HCAD public/public_query/MapServer/0 full attributes + WGS84 polygon; observed history refresh/parcel_events.json,"EPSG:2278 minimum rotated rectangle, not recorded lot dimensions",True,True,False,True,True,False,[],[]
2131370103,"512 Threlkeld St, Houston, Tx 77007",HELD_TRIAGE,0512050030014,EXACT,LT 14 BLK 3|USENER,99.9992,50.0005,4999.95,,1,,none,[],150428,450000,Not evaluated: human hold; RESOLVED-SINGLE,"Prior human hold: requires explicit re-review; no classification authorized this session. 5,000 sf = 100% of plat median 5,000",HCAD public/public_query/MapServer/0 full attributes + WGS84 polygon; observed history refresh/parcel_events.json,"EPSG:2278 minimum rotated rectangle, not recorded lot dimensions",True,True,False,True,True,False,[],[]
2130814684,"519 Threlkeld St, Houston, Tx 77007",HELD_TRIAGE,1244690010005,EXACT,LT 5 BLK 1|THRELKELD POINT,136.3517,35.0025,4758.02,,1,,none,[],174200,475800,Not evaluated: human hold; GENUINELY-AMBIGUOUS,"Prior human hold: requires explicit re-review; no classification authorized this session. 4,758 sf in the 4-5k dead zone, no plat median",HCAD public/public_query/MapServer/0 full attributes + WGS84 polygon; observed history refresh/parcel_events.json,"EPSG:2278 minimum rotated rectangle, not recorded lot dimensions",True,True,False,True,True,False,[],[]
2131370154,"531 Threlkeld St, Houston, Tx 77007",HELD_TRIAGE,0512050040005,EXACT,TR 23 BLK 4|USENER,100.001,60.0003,5999.99,,1,,none,[],37798,477855,Not evaluated: human hold; RESOLVED-SINGLE,"Prior human hold: requires explicit re-review; no classification authorized this session. legal TR only (1 frag) + 6,000 sf full lot",HCAD public/public_query/MapServer/0 full attributes + WGS84 polygon; observed history refresh/parcel_events.json,"EPSG:2278 minimum rotated rectangle, not recorded lot dimensions",True,True,False,True,True,False,[],[]
2131370113,"533 Studewood St, Houston, Tx 77007",HELD_TRIAGE,0512050030021,EXACT,LT 21 BLK 3|USENER,115.0004,49.9999,5749.99,,1,,none,[],161151,465750,Not evaluated: human hold; RESOLVED-SINGLE,"Prior human hold: requires explicit re-review; no classification authorized this session. legal LT n + 5,750 sf full lot",HCAD public/public_query/MapServer/0 full attributes + WGS84 polygon; observed history refresh/parcel_events.json,"EPSG:2278 minimum rotated rectangle, not recorded lot dimensions",True,True,False,True,True,False,[],[]
2131228154,"607 Melwood St, Houston, Tx 77009",HELD_TRIAGE,0330960000012,EXACT,LT 12 BLK 30|BROOKE SMITH,100.5492,49.5749,4967.4,,1,,none,[],0,325000,Not evaluated: human hold; RESOLVED-SINGLE,"Prior human hold: requires explicit re-review; no classification authorized this session. 4,967 sf = 99% of plat median 5,001",HCAD public/public_query/MapServer/0 full attributes + WGS84 polygon; observed history refresh/parcel_events.json,"EPSG:2278 minimum rotated rectangle, not recorded lot dimensions",True,True,False,True,True,False,[],[]
2131175661,"611 Mathis St, Houston, Tx 77009",HELD_TRIAGE,0331140610001,EXACT,LT 1 BLK 61|BROOKE SMITH,100.0033,50.0003,4999.85,,1,,none,[],183144,240000,Not evaluated: human hold; RESOLVED-SINGLE,"Prior human hold: requires explicit re-review; no classification authorized this session. 5,000 sf = 100% of plat median 5,000",HCAD public/public_query/MapServer/0 full attributes + WGS84 polygon; observed history refresh/parcel_events.json,"EPSG:2278 minimum rotated rectangle, not recorded lot dimensions",True,True,False,True,True,False,[],[]
2131145222,"626 E 22nd St, Houston, Tx 77008",HELD_TRIAGE,0200610000001,EXACT,LT 1 BLK 65|HOUSTON HEIGHTS 72ND AMEND ,142.5006,31.7801,4510.19,,1,,none,[],739436,360800,Not evaluated: human hold; RESOLVED-SINGLE,"Prior human hold: requires explicit re-review; no classification authorized this session. 4,510 sf = 90% of plat median 4,987",HCAD public/public_query/MapServer/0 full attributes + WGS84 polygon; observed history refresh/parcel_events.json,"EPSG:2278 minimum rotated rectangle, not recorded lot dimensions",True,True,False,True,True,False,[],[]
2131074923,"707 E 6th 1/2 St, Houston, Tx 77007",HELD_TRIAGE,0350290550020,EXACT,LTS 21 22 & 23 & TRS 20 & 24|BLK 55|STUDES SEC 2,202.116,124.9991,24982.95,,1,,none,[],245288,2137500,Not evaluated: human hold; GENUINELY-AMBIGUOUS,"Prior human hold: requires explicit re-review; no classification authorized this session. 24,983 sf — larger than any Heights full lot",HCAD public/public_query/MapServer/0 full attributes + WGS84 polygon; observed history refresh/parcel_events.json,"EPSG:2278 minimum rotated rectangle, not recorded lot dimensions",True,True,False,True,True,False,[],[]
2161199012,"710 E 13th St, Houston, Tx 77008",HELD_TRIAGE,1393250010002,EXACT,LT 2 BLK 1|EAST 13TH STREET GROVE,191.5001,25.001,4784.59,,1,,none,[],945520,454480,Not evaluated: human hold; GENUINELY-AMBIGUOUS,"Prior human hold: requires explicit re-review; no classification authorized this session. 4,785 sf in the 4-5k dead zone, no plat median",HCAD public/public_query/MapServer/0 full attributes + WGS84 polygon; observed history refresh/parcel_events.json,"EPSG:2278 minimum rotated rectangle, not recorded lot dimensions",True,True,False,True,True,False,[],[]
pmt_710-le-green-st-77008,"710 Le Green St, Houston, TX 77008",HELD_TRIAGE,0520390000072,EXACT,LT 72|RIDGEWOOD,100.2083,50.4452,5042.63,,1,,none,[],175189,475000,Not evaluated: human hold; RESOLVED-SINGLE,"Prior human hold: requires explicit re-review; no classification authorized this session. legal LT n + 5,043 sf full lot",HCAD public/public_query/MapServer/0 full attributes + WGS84 polygon; observed history refresh/parcel_events.json,"EPSG:2278 minimum rotated rectangle, not recorded lot dimensions",True,True,False,True,True,False,[],[]
2131208376,"731 E 27th St, Houston, Tx 77009",HELD_TRIAGE,0350810220024,EXACT,LTS 24 THRU 29 BLK 22|SUNSET HEIGHTS,149.9985,120.0002,17999.79,,1,,none,[],,,Not evaluated: human hold; GENUINELY-AMBIGUOUS,"Prior human hold: requires explicit re-review; no classification authorized this session. 18,000 sf — larger than any Heights full lot",HCAD public/public_query/MapServer/0 full attributes + WGS84 polygon; observed history refresh/parcel_events.json,"EPSG:2278 minimum rotated rectangle, not recorded lot dimensions",True,True,False,True,True,False,[],[]
2131042481,"741 W 21st St, Houston, Tx 77008",HELD_TRIAGE,0200740000027,EXACT,LTS 27 & 28 BLK 78|HOUSTON HEIGHTS,131.0002,50.0001,6550.0,,1,,none,[],30323,524000,Not evaluated: human hold; RESOLVED-SINGLE,"Prior human hold: requires explicit re-review; no classification authorized this session. legal assembled 2 lots, 6,550 sf >= 2x2400",HCAD public/public_query/MapServer/0 full attributes + WGS84 polygon; observed history refresh/parcel_events.json,"EPSG:2278 minimum rotated rectangle, not recorded lot dimensions",True,True,False,True,True,False,[],[]
2131240334,"745 E 11th 1/2 St, Houston, Tx 77008",HELD_TRIAGE,0350190360013,EXACT,LTS 13 & 14 BLK 36|STUDES SEC 2,124.923,100.0581,12472.73,,1,,none,[],15300,1125000,Not evaluated: human hold; GENUINELY-AMBIGUOUS,"Prior human hold: requires explicit re-review; no classification authorized this session. 12,473 sf — larger than any Heights full lot",HCAD public/public_query/MapServer/0 full attributes + WGS84 polygon; observed history refresh/parcel_events.json,"EPSG:2278 minimum rotated rectangle, not recorded lot dimensions",True,True,False,True,True,False,[],[]
2131228576,"805 Tabor St, Houston, Tx 77009",HELD_TRIAGE,0331400090009,EXACT,LT 9 BLK 109|BROOKE SMITH,100.3097,50.1904,5012.55,,1,,none,[],40000,250000,Not evaluated: human hold; RESOLVED-SINGLE,"Prior human hold: requires explicit re-review; no classification authorized this session. legal LT n + 5,013 sf full lot",HCAD public/public_query/MapServer/0 full attributes + WGS84 polygon; observed history refresh/parcel_events.json,"EPSG:2278 minimum rotated rectangle, not recorded lot dimensions",True,True,False,True,True,False,[],[]
2131313166,"805 Walton St, Houston, Tx 77009",HELD_TRIAGE,0331370040009,EXACT,LT 9 BLK 104|BROOKE SMITH,100.0459,49.9746,4992.77,,1,,none,[],51702,300000,Not evaluated: human hold; RESOLVED-SINGLE,"Prior human hold: requires explicit re-review; no classification authorized this session. 4,993 sf = 100% of plat median 5,000",HCAD public/public_query/MapServer/0 full attributes + WGS84 polygon; observed history refresh/parcel_events.json,"EPSG:2278 minimum rotated rectangle, not recorded lot dimensions",True,True,False,True,True,False,[],[]
pmt_835-lawrence-st-77007,"835 Lawrence St, Houston, TX 77007",HELD_TRIAGE,0621980020043,EXACT,LTS 43 & 44 & S 7 FT OF LT 45 BLK 2|HARDING HEIGHTS,100.5315,56.9987,5699.76,,1,,none,[],0,570000,Not evaluated: human hold; GENUINELY-AMBIGUOUS,"Prior human hold: requires explicit re-review; no classification authorized this session. legal claims 3 lots but only 5,700 sf",HCAD public/public_query/MapServer/0 full attributes + WGS84 polygon; observed history refresh/parcel_events.json,"EPSG:2278 minimum rotated rectangle, not recorded lot dimensions",True,True,False,True,True,False,[],[]
2131044801,"838 Waverly St, Houston, Tx 77007",HELD_TRIAGE,0202370000031,EXACT,LTS 31 32 & 33 BLK 241|HOUSTON HEIGHTS,132.0012,99.9995,13199.95,,1,,none,[],87050,1452000,Not evaluated: human hold; GENUINELY-AMBIGUOUS,"Prior human hold: requires explicit re-review; no classification authorized this session. 13,200 sf — larger than any Heights full lot",HCAD public/public_query/MapServer/0 full attributes + WGS84 polygon; observed history refresh/parcel_events.json,"EPSG:2278 minimum rotated rectangle, not recorded lot dimensions",True,True,False,True,True,False,[],[]
2131192777,"839 E 26th St, Houston, Tx 77009",HELD_TRIAGE,0350840270029,EXACT,LTS 29 & 30 BLK 27|SUNSET HEIGHTS,120.0003,49.9999,5999.97,,1,,none,[],0,450000,Not evaluated: human hold; RESOLVED-SINGLE,"Prior human hold: requires explicit re-review; no classification authorized this session. legal assembled 2 lots, 6,000 sf >= 2x2400",HCAD public/public_query/MapServer/0 full attributes + WGS84 polygon; observed history refresh/parcel_events.json,"EPSG:2278 minimum rotated rectangle, not recorded lot dimensions",True,True,False,True,True,False,[],[]
2131200768,"902 W 22nd St, Houston, Tx 77008",HELD_TRIAGE,0610190010019,EXACT,LTS 22 23 & 24 BLK 1|QUENSELL LAWN,163.8547,148.1943,23939.75,,1,,none,[],33444,1321680,Not evaluated: human hold; GENUINELY-AMBIGUOUS,"Prior human hold: requires explicit re-review; no classification authorized this session. 23,940 sf — larger than any Heights full lot",HCAD public/public_query/MapServer/0 full attributes + WGS84 polygon; observed history refresh/parcel_events.json,"EPSG:2278 minimum rotated rectangle, not recorded lot dimensions",True,True,False,True,True,False,[],[]
2131370476,"905 Adele St, Houston, Tx 77009",HELD_TRIAGE,0513480000009,EXACT,LT 9 & TR 10A BLK 4|PINERIDGE,100.9294,44.4175,4459.03,,1,,none,[],16521,337500,Not evaluated: human hold; RESOLVED-SINGLE,"Prior human hold: requires explicit re-review; no classification authorized this session. 4,500 sf = 90% of plat median 5,000",HCAD public/public_query/MapServer/0 full attributes + WGS84 polygon; observed history refresh/parcel_events.json,"EPSG:2278 minimum rotated rectangle, not recorded lot dimensions",True,True,False,True,True,False,[],[]
2131538718,"905 Bay Oaks Rd, Houston, Tx 77008",HELD_TRIAGE,0771820160010,EXACT,LT 10 BLK 16|TIMBERGROVE MANOR SEC 3,129.9474,120.5125,13835.48,,1,,none,[],101846,865500,Not evaluated: human hold; GENUINELY-AMBIGUOUS,"Prior human hold: requires explicit re-review; no classification authorized this session. 13,835 sf — larger than any Heights full lot",HCAD public/public_query/MapServer/0 full attributes + WGS84 polygon; observed history refresh/parcel_events.json,"EPSG:2278 minimum rotated rectangle, not recorded lot dimensions",True,True,False,True,True,False,[],[]
2131152146,"909 Bayland Ave, Houston, Tx 77009",HELD_TRIAGE,0513780000023,EXACT,TRS 23 & 24A BLK 6|WOODSON PLACE,98.851,49.7186,4893.35,,1,,none,[],40156,625000,Not evaluated: human hold; RESOLVED-SINGLE,"Prior human hold: requires explicit re-review; no classification authorized this session. 4,893 sf = 99% of plat median 4,959",HCAD public/public_query/MapServer/0 full attributes + WGS84 polygon; observed history refresh/parcel_events.json,"EPSG:2278 minimum rotated rectangle, not recorded lot dimensions",True,True,False,True,True,False,[],[]
2131387479,"932 W Temple St, Houston, Tx 77009",HELD_TRIAGE,0621330190002,EXACT,LT 2 BLK 219|EAST NORHILL,106.4632,49.7377,5284.46,,1,,none,[],137215,468000,Not evaluated: human hold; RESOLVED-SINGLE,"Prior human hold: requires explicit re-review; no classification authorized this session. legal LT n + 5,284 sf full lot",HCAD public/public_query/MapServer/0 full attributes + WGS84 polygon; observed history refresh/parcel_events.json,"EPSG:2278 minimum rotated rectangle, not recorded lot dimensions",True,True,False,True,True,False,[],[]
pmt_949-ridge-st-77009,"949 Ridge St, Houston, TX 77009",HELD_TRIAGE,0562880000014,EXACT,LT 14 BLK 2|RIDGEMONT SEC 1,105.6837,50.0691,5227.63,,1,,none,[],130059,625000,Not evaluated: human hold; RESOLVED-SINGLE,"Prior human hold: requires explicit re-review; no classification authorized this session. legal LT n + 5,228 sf full lot",HCAD public/public_query/MapServer/0 full attributes + WGS84 polygon; observed history refresh/parcel_events.json,"EPSG:2278 minimum rotated rectangle, not recorded lot dimensions",True,True,False,True,True,False,[],[]
2131146860,"1300 Waverly St, Houston, Tx 77008",HELD_TRIAGE,,AMBIGUOUS,Unavailable,,,,,1,,none,[],Unavailable,Unavailable,Not evaluated: human hold; GENUINELY-AMBIGUOUS,"Prior human hold: requires explicit re-review; no classification authorized this session. 4,932 sf = 68% of plat median 7,263",HCAD public/public_query/MapServer/0 full attributes + WGS84 polygon; observed history refresh/parcel_events.json,"EPSG:2278 minimum rotated rectangle, not recorded lot dimensions",False,False,False,False,False,False,"[{""history"": [], ""improvement_value"": 47296, ""land_value"": 720000, ""parcel"": {""account"": ""0201720000038"", ""area_sf"": 8059.33, ""depth_ft"": 100.1031, ""depth_method"": ""minimum rotated rectangle, longest side"", ""geometry_crs"": ""EPSG:2278"", ""legal"": ""TRS 19B 20B & 21B BLK 176|HOUSTON HEIGHTS"", ""matched"": ""1300 WAVERLY ST"", ""parcel_history"": [], ""source"": ""HCAD unverified contextual parcel"", ""width_ft"": 80.6066}}, {""history"": [], ""improvement_value"": 0, ""land_value"": 468000, ""parcel"": {""account"": ""0201720000019"", ""area_sf"": 4931.71, ""depth_ft"": 100.1509, ""depth_method"": ""minimum rotated rectangle, longest side"", ""geometry_crs"": ""EPSG:2278"", ""legal"": ""LTS 19A 20A & 21A BLK 176|HOUSTON HEIGHTS"", ""matched"": ""1300 WAVERLY ST"", ""parcel_history"": [], ""source"": ""HCAD unverified contextual parcel"", ""width_ft"": 49.311}}]",See unverified_context
pmt_631-mazal-pvt-ln-77009,"631 Mazal (Pvt) Ln, Houston, TX 77009",HELD_TRIAGE,,NO_MATCH,Unavailable,,,,,1,3,25114941,[],Unavailable,Unavailable,Not evaluated: human hold; GENUINELY-AMBIGUOUS,"Prior human hold: requires explicit re-review; no classification authorized this session. legal claims 3 lots but only 4,170 sf",HCAD public/public_query/MapServer/0 full attributes + WGS84 polygon; observed history refresh/parcel_events.json,"EPSG:2278 minimum rotated rectangle, not recorded lot dimensions",False,False,False,False,False,False,"[{""history"": [], ""improvement_value"": 0, ""land_value"": 294000, ""parcel"": {""account"": ""1368390010007"", ""area_sf"": 4170.46, ""depth_ft"": 99.9512, ""depth_method"": ""minimum rotated rectangle, longest side"", ""geometry_crs"": ""EPSG:2278"", ""legal"": ""LTS 7 8 & 9 BLK 1|NORTHWOOD ESTATES"", ""matched"": ""0 MAZAL LN"", ""parcel_history"": [], ""source"": ""HCAD unverified contextual parcel"", ""width_ft"": 42.1076}}]",See unverified_context
pmt_745-w-17th-st-77008,"745 W 17th St, Houston, TX 77008",HELD_TRIAGE,,NO_MATCH,Unavailable,,,,,1,,none,[],Unavailable,Unavailable,Not evaluated: human hold; GENUINELY-AMBIGUOUS,"Prior human hold: requires explicit re-review; no classification authorized this session. 16,983 sf — larger than any Heights full lot",HCAD public/public_query/MapServer/0 full attributes + WGS84 polygon; observed history refresh/parcel_events.json,"EPSG:2278 minimum rotated rectangle, not recorded lot dimensions",False,False,False,False,False,False,"[{""history"": [], ""improvement_value"": 0, ""land_value"": 1206148, ""parcel"": {""account"": ""1365530010001"", ""area_sf"": 16972.87, ""depth_ft"": 136.5489, ""depth_method"": ""minimum rotated rectangle, longest side"", ""geometry_crs"": ""EPSG:2278"", ""legal"": ""LTS 1 THRU 10 BLK 1|CITY VIEW LOFTS AT W 17TH"", ""matched"": ""0 W 17TH ST"", ""parcel_history"": [], ""source"": ""HCAD unverified contextual parcel"", ""width_ft"": 130.9981}}]",See unverified_context
pmt_832-e-27th-st-77009,"832 E 27th St, Houston, TX 77009",HELD_TRIAGE,,NO_MATCH,Unavailable,,,,,1,,none,[],Unavailable,Unavailable,Not evaluated: human hold; GENUINELY-AMBIGUOUS,"Prior human hold: requires explicit re-review; no classification authorized this session. no parcel, no legal",HCAD public/public_query/MapServer/0 full attributes + WGS84 polygon; observed history refresh/parcel_events.json,"EPSG:2278 minimum rotated rectangle, not recorded lot dimensions",False,False,False,False,False,False,[],[]
2131282520,"837 W 25th St, Houston, Tx 77008",HELD_TRIAGE,,AMBIGUOUS,Unavailable,,,,,1,,none,[],Unavailable,Unavailable,Not evaluated: human hold; RESOLVED-SPLIT,"Prior human hold: requires explicit re-review; no classification authorized this session. parcel SPLIT into half lots (children ~3,275 sf)",HCAD public/public_query/MapServer/0 full attributes + WGS84 polygon; observed history refresh/parcel_events.json,"EPSG:2278 minimum rotated rectangle, not recorded lot dimensions",False,False,False,False,False,False,"[{""history"": [], ""improvement_value"": 178912, ""land_value"": 146000, ""parcel"": {""account"": ""1265010010001"", ""area_sf"": 1824.99, ""depth_ft"": 50.0002, ""depth_method"": ""minimum rotated rectangle, longest side"", ""geometry_crs"": ""EPSG:2278"", ""legal"": ""LT 1 BLK 1|COTTAGES AT THE HEIGHTS"", ""matched"": ""837 W 25TH ST"", ""parcel_history"": [], ""source"": ""HCAD unverified contextual parcel"", ""width_ft"": 36.4998}}, {""history"": [], ""improvement_value"": 128234, ""land_value"": 128000, ""parcel"": {""account"": ""1265010010002"", ""area_sf"": 1600.0, ""depth_ft"": 50.0001, ""depth_method"": ""minimum rotated rectangle, longest side"", ""geometry_crs"": ""EPSG:2278"", ""legal"": ""LT 2 BLK 1|COTTAGES AT THE HEIGHTS"", ""matched"": ""837 W 25TH ST"", ""parcel_history"": [], ""source"": ""HCAD unverified contextual parcel"", ""width_ft"": 31.9999}}, {""history"": [], ""improvement_value"": 187798, ""land_value"": 128000, ""parcel"": {""account"": ""1265010010003"", ""area_sf"": 1600.01, ""depth_ft"": 50.0002, ""depth_method"": ""minimum rotated rectangle, longest side"", ""geometry_crs"": ""EPSG:2278"", ""legal"": ""LT 3 BLK 1|COTTAGES AT THE HEIGHTS"", ""matched"": ""837 W 25TH ST"", ""parcel_history"": [], ""source"": ""HCAD unverified contextual parcel"", ""width_ft"": 32.0003}}, {""history"": [{""acct_continuity"": true, ""addresses"": {""child"": [""833 W  25TH ST"", ""835 W  25TH ST""], ""parent"": [""837 W  25TH ST""]}, ""areas"": {""child_sf"": [3275.0, 3275.0], ""delta_pct"": -0.0, ""parent_sf"": [6550.0], ""sum_child_sf"": 6550.0, ""sum_parent_sf"": 6550.0}, ""child_accts"": [""0200310000066"", ""0200310000027""], ""event"": ""SPLIT"", ""lat"": 29.809074, ""lng"": -95.413819, ""parent_accts"": [""0200310000027""], ""vintage"": ""2025_Oct->2026_Jul""}], ""improvement_value"": 83359, ""land_value"": 262000, ""parcel"": {""account"": ""0200310000027"", ""area_sf"": 3274.99, ""depth_ft"": 131.0001, ""depth_method"": ""minimum rotated rectangle, longest side"", ""geometry_crs"": ""EPSG:2278"", ""legal"": ""LT 27 BLK 35|HOUSTON HEIGHTS"", ""matched"": ""835 W 25TH ST"", ""parcel_history"": [{""children"": [""0200310000066"", ""0200310000027""], ""event"": ""SPLIT"", ""parents"": [""0200310000027""], ""source"": ""refresh/parcel_events.json"", ""vintage"": ""2025_Oct->2026_Jul""}], ""source"": ""HCAD unverified contextual parcel"", ""width_ft"": 25.0001}}]",See unverified_context
2177158676,"Enid St, Houston, Tx 77009",HELD_TRIAGE,,NO_MATCH,Unavailable,,,,,1,,none,[],Unavailable,Unavailable,Not evaluated: human hold; GENUINELY-AMBIGUOUS,"Prior human hold: requires explicit re-review; no classification authorized this session. 4,111 sf = 63% of plat median 6,479",HCAD public/public_query/MapServer/0 full attributes + WGS84 polygon; observed history refresh/parcel_events.json,"EPSG:2278 minimum rotated rectangle, not recorded lot dimensions",False,False,False,False,False,False,"[{""history"": [], ""improvement_value"": 25089, ""land_value"": 205550, ""parcel"": {""account"": ""0690710020001"", ""area_sf"": 4110.6, ""depth_ft"": 123.3298, ""depth_method"": ""minimum rotated rectangle, longest side"", ""geometry_crs"": ""EPSG:2278"", ""legal"": ""LT 1 BLK 1|MCFARLAND COURT 3RD PAR R/P"", ""matched"": ""0 ENID ST"", ""parcel_history"": [], ""source"": ""HCAD unverified contextual parcel"", ""width_ft"": 33.3301}}]",See unverified_context
2177158678,"Enid St, Houston, Tx 77009",HELD_TRIAGE,,NO_MATCH,Unavailable,,,,,1,,none,[],Unavailable,Unavailable,Not evaluated: human hold; GENUINELY-AMBIGUOUS,"Prior human hold: requires explicit re-review; no classification authorized this session. 4,112 sf = 63% of plat median 6,479",HCAD public/public_query/MapServer/0 full attributes + WGS84 polygon; observed history refresh/parcel_events.json,"EPSG:2278 minimum rotated rectangle, not recorded lot dimensions",False,False,False,False,False,False,"[{""history"": [], ""improvement_value"": 33534, ""land_value"": 205550, ""parcel"": {""account"": ""0690710020003"", ""area_sf"": 4111.81, ""depth_ft"": 123.3298, ""depth_method"": ""minimum rotated rectangle, longest side"", ""geometry_crs"": ""EPSG:2278"", ""legal"": ""LT 3 BLK 1|MCFARLAND COURT 3RD PAR R/P"", ""matched"": ""0 ENID ST"", ""parcel_history"": [], ""source"": ""HCAD unverified contextual parcel"", ""width_ft"": 33.34}}]",See unverified_context
