MLS,ADDRESS,CLOSE_DATE,REASON,EVIDENCE
28537378,1240 Heights Boulevard,2026-09-08,RESALE_NOT_COMP,Retained in SOLD_EVIDENCE
91273988,416 W 18th Street,2026-09-04,RESALE_NOT_COMP,Retained in SOLD_EVIDENCE
17841617,1101 Omar Street,2026-09-04,RESALE_NOT_COMP,Retained in SOLD_EVIDENCE
85610560,1520 Alexander Street,2026-09-03,RESALE_NOT_COMP,Retained in SOLD_EVIDENCE
59023445,925 Heights Boulevard,2026-09-03,RESALE_NOT_COMP,Retained in SOLD_EVIDENCE
69359852,828 E 28th Street,2026-09-02,RESALE_NOT_COMP,Retained in SOLD_EVIDENCE
60835413,2624 Fountain Key Boulevard,2026-09-02,RESALE_NOT_COMP,Retained in SOLD_EVIDENCE
48507690,2028 Columbia Street,2026-09-01,RESALE_NOT_COMP,Retained in SOLD_EVIDENCE
38557869,823 W 21st Street,2026-09-01,RESALE_NOT_COMP,Retained in SOLD_EVIDENCE
10680252,203 Archer Street,2026-09-01,RESALE_NOT_COMP,Retained in SOLD_EVIDENCE
92762224,307 E 8th Street,2026-08-31,RESALE_NOT_COMP,Retained in SOLD_EVIDENCE
27233276,1176 Nelson Falls Lane,2026-08-31,RESALE_NOT_COMP,Retained in SOLD_EVIDENCE
15138776,1535 Blair Street,2026-08-31,RESALE_NOT_COMP,Retained in SOLD_EVIDENCE
85783143,2630 Shady Acres Court,2026-08-28,RESALE_NOT_COMP,Retained in SOLD_EVIDENCE
554050,1507 Blair Street,2026-08-28,RESALE_NOT_COMP,Retained in SOLD_EVIDENCE
49943063,340 W 27th Street,2026-08-28,RESALE_NOT_COMP,Retained in SOLD_EVIDENCE
23733062,427 W 27th Street,2026-08-28,RESALE_NOT_COMP,Retained in SOLD_EVIDENCE
12738193,2019 Gostick Street,2026-08-28,RESALE_NOT_COMP,Retained in SOLD_EVIDENCE
91009805,516 W 24th Street,2026-08-27,RESALE_NOT_COMP,Retained in SOLD_EVIDENCE
66640468,2714 Cornell Street,2026-08-27,RESALE_NOT_COMP,Retained in SOLD_EVIDENCE
13917021,514 W 16th Street,2026-08-27,RESALE_NOT_COMP,Retained in SOLD_EVIDENCE
68329806,1011 W 14th Street,2026-08-26,RESALE_NOT_COMP,Retained in SOLD_EVIDENCE
51714023,1120 Woodland Street,2026-08-26,RESALE_NOT_COMP,Retained in SOLD_EVIDENCE
72655863,2041 W 14th 1/2 Street,2026-08-25,RESALE_NOT_COMP,Retained in SOLD_EVIDENCE
63690975,306 E 5th Street,2026-08-25,RESALE_NOT_COMP,Retained in SOLD_EVIDENCE
29665338,634 W 17th Street,2026-08-25,RESALE_NOT_COMP,Retained in SOLD_EVIDENCE
98445445,1008 E 7th Street,2026-08-24,RESALE_NOT_COMP,Retained in SOLD_EVIDENCE
82762123,315 W 15th Street,2026-08-24,RESALE_NOT_COMP,Retained in SOLD_EVIDENCE
96168637,825 Ralfallen Street,2026-08-21,RESALE_NOT_COMP,Retained in SOLD_EVIDENCE
83744527,1325 W 23rd Street,2026-08-21,RESALE_NOT_COMP,Retained in SOLD_EVIDENCE
40101983,523 W 25th Street,2026-08-21,RESALE_NOT_COMP,Retained in SOLD_EVIDENCE
54460078,1144 Dorothy Street,2026-08-19,RESALE_NOT_COMP,Retained in SOLD_EVIDENCE
13007560,910 Northwood Street,2026-08-19,RESALE_NOT_COMP,Retained in SOLD_EVIDENCE
66433106,1819 W 24th Street,2026-08-18,RESALE_NOT_COMP,Retained in SOLD_EVIDENCE
46092924,1518 Prince Street,2026-08-18,RESALE_NOT_COMP,Retained in SOLD_EVIDENCE
93812875,806 E 29th Street,2026-08-17,RESALE_NOT_COMP,Retained in SOLD_EVIDENCE
77976004,1529 Laird Street,2026-08-17,RESALE_NOT_COMP,Retained in SOLD_EVIDENCE
70853300,621 Wendel Street,2026-08-17,RESALE_NOT_COMP,Retained in SOLD_EVIDENCE
55929453,108 E 27th Street,2026-08-17,RESALE_NOT_COMP,Retained in SOLD_EVIDENCE
46492311,1005 W 24th Street,2026-08-17,RESALE_NOT_COMP,Retained in SOLD_EVIDENCE
16183688,710 Redan Street,2026-08-17,RESALE_NOT_COMP,Retained in SOLD_EVIDENCE
80862732,834 W 18th Street Unit#B,2026-08-14,RESALE_NOT_COMP,Retained in SOLD_EVIDENCE
68275712,1510 Columbia Street,2026-08-14,RESALE_NOT_COMP,Retained in SOLD_EVIDENCE
61710273,1305 Enid Street,2026-08-14,RESALE_NOT_COMP,Retained in SOLD_EVIDENCE
30166212,1201 Tulane Street,2026-08-14,RESALE_NOT_COMP,Retained in SOLD_EVIDENCE
78613052,1243 W 15th 1/2 Street,2026-08-13,RESALE_NOT_COMP,Retained in SOLD_EVIDENCE
97528053,217 W 10th Street,2026-08-12,RESALE_NOT_COMP,Retained in SOLD_EVIDENCE
56551673,1005 E 27th Street,2026-08-12,RESALE_NOT_COMP,Retained in SOLD_EVIDENCE
42235659,1205 Temple Street,2026-08-11,RESALE_NOT_COMP,Retained in SOLD_EVIDENCE
29967237,1222 Arlington Street,2026-08-11,RESALE_NOT_COMP,Retained in SOLD_EVIDENCE
88818539,1315 W 22nd Street,2026-08-07,RESALE_NOT_COMP,Retained in SOLD_EVIDENCE
45985101,200 E 26th Street,2026-08-07,RESALE_NOT_COMP,Retained in SOLD_EVIDENCE
88703042,926 Nicholson Street,2026-08-06,RESALE_NOT_COMP,Retained in SOLD_EVIDENCE
38531074,415 W 16th Street Unit#D,2026-08-06,RESALE_NOT_COMP,Retained in SOLD_EVIDENCE
46113113,1111 Wynnwood Lane,2026-08-05,RESALE_NOT_COMP,Retained in SOLD_EVIDENCE
83992671,411 W 24th Street,2026-08-04,RESALE_NOT_COMP,Retained in SOLD_EVIDENCE
10455581,908 East 23rd,2026-07-31,RESALE_NOT_COMP,Retained in SOLD_EVIDENCE
55427593,335 W 23rd Street,2026-07-30,RESALE_NOT_COMP,Retained in SOLD_EVIDENCE
75980855,102 Vieux Carre Drive,2026-07-29,RESALE_NOT_COMP,Retained in SOLD_EVIDENCE
3473318,2611 Harvard Street,2026-07-29,RESALE_NOT_COMP,Retained in SOLD_EVIDENCE
51794552,626 E 6th 1/2 Street,2026-07-28,RESALE_NOT_COMP,Retained in SOLD_EVIDENCE
27711684,1421 Blair Street,2026-07-28,RESALE_NOT_COMP,Retained in SOLD_EVIDENCE
44865770,820 E 24th Street,2026-07-27,RESALE_NOT_COMP,Retained in SOLD_EVIDENCE
58351277,1436 Harvard Street,2026-07-24,RESALE_NOT_COMP,Retained in SOLD_EVIDENCE
53943558,125 North Street,2026-07-24,RESALE_NOT_COMP,Retained in SOLD_EVIDENCE
56577602,823 W 26th Street,2026-07-23,RESALE_NOT_COMP,Retained in SOLD_EVIDENCE
94167783,2211 Harvard Street,2026-07-22,RESALE_NOT_COMP,Retained in SOLD_EVIDENCE
20467322,1202 Walton Street,2026-07-22,RESALE_NOT_COMP,Retained in SOLD_EVIDENCE
89636495,1011 W Melwood Street,2026-07-21,RESALE_NOT_COMP,Retained in SOLD_EVIDENCE
58504241,1215 Ashland Street,2026-07-21,RESALE_NOT_COMP,Retained in SOLD_EVIDENCE
72854297,703 Cordell Street,2026-07-20,RESALE_NOT_COMP,Retained in SOLD_EVIDENCE
62247476,218 E 27th Street Unit#C,2026-07-20,RESALE_NOT_COMP,Retained in SOLD_EVIDENCE
51497992,501 Cordell Street,2026-07-20,RESALE_NOT_COMP,Retained in SOLD_EVIDENCE
92874787,1708 Ashland Street,2026-07-17,RESALE_NOT_COMP,Retained in SOLD_EVIDENCE
72216964,1307 E 27th Street,2026-07-17,RESALE_NOT_COMP,Retained in SOLD_EVIDENCE
57079875,1511 Harvard Street,2026-07-17,RESALE_NOT_COMP,Retained in SOLD_EVIDENCE
42392223,235 W 22nd Street,2026-07-17,RESALE_NOT_COMP,Retained in SOLD_EVIDENCE
13973985,732 W 17th Street,2026-07-17,RESALE_NOT_COMP,Retained in SOLD_EVIDENCE
92102014,125 E 22nd Street,2026-07-16,RESALE_NOT_COMP,Retained in SOLD_EVIDENCE
61177197,2222 Oxford Street,2026-07-16,RESALE_NOT_COMP,Retained in SOLD_EVIDENCE
44982064,808 Coronado Street,2026-07-16,RESALE_NOT_COMP,Retained in SOLD_EVIDENCE
42763532,1022 E 27th Street,2026-07-16,RESALE_NOT_COMP,Retained in SOLD_EVIDENCE
95668060,522 W 15th Street,2026-07-15,RESALE_NOT_COMP,Retained in SOLD_EVIDENCE
91606116,1825 Arlington Street,2026-07-15,RESALE_NOT_COMP,Retained in SOLD_EVIDENCE
58171358,1127 Wynnwood Lane,2026-07-15,RESALE_NOT_COMP,Retained in SOLD_EVIDENCE
4582337,1202 W 16th Street Unit#C,2026-07-15,RESALE_NOT_COMP,Retained in SOLD_EVIDENCE
23805136,1621 W 23rd Street Unit#B,2026-07-15,RESALE_NOT_COMP,Retained in SOLD_EVIDENCE
19875282,609 Rutland Street Unit#A,2026-07-15,RESALE_NOT_COMP,Retained in SOLD_EVIDENCE
81515728,1549 Alexander Street,2026-07-14,RESALE_NOT_COMP,Retained in SOLD_EVIDENCE
77690227,108 W 10th 1/2 Street,2026-07-14,RESALE_NOT_COMP,Retained in SOLD_EVIDENCE
64425181,1332 Cortlandt Street,2026-07-14,RESALE_NOT_COMP,Retained in SOLD_EVIDENCE
54247575,201 W 24th Street,2026-07-14,RESALE_NOT_COMP,Retained in SOLD_EVIDENCE
3417992,530 W 26th Street,2026-07-14,RESALE_NOT_COMP,Retained in SOLD_EVIDENCE
19677901,414 W 13th Street,2026-07-14,RESALE_NOT_COMP,Retained in SOLD_EVIDENCE
97109549,638 W 17th Street,2026-07-10,RESALE_NOT_COMP,Retained in SOLD_EVIDENCE
78189826,118 Northwood Street,2026-07-10,RESALE_NOT_COMP,Retained in SOLD_EVIDENCE
52782469,635 13th Street,2026-07-10,RESALE_NOT_COMP,Retained in SOLD_EVIDENCE
3196281,1007 E 28th Street,2026-07-10,RESALE_NOT_COMP,Retained in SOLD_EVIDENCE
86356817,700 E 9th Street,2026-07-09,RESALE_NOT_COMP,Retained in SOLD_EVIDENCE
72816786,2018 Columbia Street,2026-07-08,RESALE_NOT_COMP,Retained in SOLD_EVIDENCE
3488858,1512 Ashland Street,2026-07-08,RESALE_NOT_COMP,Retained in SOLD_EVIDENCE
24078179,1527 Oxford Street,2026-07-07,RESALE_NOT_COMP,Retained in SOLD_EVIDENCE
82557379,811 Redan Street,2026-07-06,RESALE_NOT_COMP,Retained in SOLD_EVIDENCE
7401866,1003 E 25th Street,2026-07-06,RESALE_NOT_COMP,Retained in SOLD_EVIDENCE
38965602,706 E 12th Street,2026-07-06,RESALE_NOT_COMP,Retained in SOLD_EVIDENCE
80007569,203 W 24th Street,2026-07-02,RESALE_NOT_COMP,Retained in SOLD_EVIDENCE
59409723,1223 W 15th 1/2 Street,2026-07-02,RESALE_NOT_COMP,Retained in SOLD_EVIDENCE
9626530,2503 Nicholson Street,2026-07-01,RESALE_NOT_COMP,Retained in SOLD_EVIDENCE
92057150,1207 E 24th Street Unit#A,2026-07-01,RESALE_NOT_COMP,Retained in SOLD_EVIDENCE
88710300,1512 W 23rd Street,2026-07-01,RESALE_NOT_COMP,Retained in SOLD_EVIDENCE
88284995,2416 Couch Street,2026-07-01,RESALE_NOT_COMP,Retained in SOLD_EVIDENCE
86180071,1036 Alexander Street,2026-07-01,RESALE_NOT_COMP,Retained in SOLD_EVIDENCE
82968775,904 W 25th Street Unit#D,2026-07-01,RESALE_NOT_COMP,Retained in SOLD_EVIDENCE
68264598,2612 Morrison Street,2026-07-01,RESALE_NOT_COMP,Retained in SOLD_EVIDENCE
53278224,537 Columbia Street,2026-07-01,RESALE_NOT_COMP,Retained in SOLD_EVIDENCE
84434131,718 Ashland Street,2026-06-30,RESALE_NOT_COMP,Retained in SOLD_EVIDENCE
57456393,1235 W 15 1/2 Street,2026-06-30,RESALE_NOT_COMP,Retained in SOLD_EVIDENCE
4671342,437 W 27th Street,2026-06-30,RESALE_NOT_COMP,Retained in SOLD_EVIDENCE
38864704,734 Yale Street Unit#A,2026-06-30,RESALE_NOT_COMP,Retained in SOLD_EVIDENCE
28940105,908 E 26th Street,2026-06-30,RESALE_NOT_COMP,Retained in SOLD_EVIDENCE
71177008,838 Ashland Street,2026-06-29,RESALE_NOT_COMP,Retained in SOLD_EVIDENCE
44955770,2409 Bevis Street,2026-06-29,RESALE_NOT_COMP,Retained in SOLD_EVIDENCE
16778006,1534 Dorothy Street Unit#A,2026-06-29,RESALE_NOT_COMP,Retained in SOLD_EVIDENCE
69972057,135 E 23rd Street,2026-06-26,RESALE_NOT_COMP,Retained in SOLD_EVIDENCE
61021966,402 E 26th Street,2026-06-26,RESALE_NOT_COMP,Retained in SOLD_EVIDENCE
89669312,1202 Archer Street,2026-06-25,RESALE_NOT_COMP,Retained in SOLD_EVIDENCE
28465357,606 Rutland Street,2026-06-25,RESALE_NOT_COMP,Retained in SOLD_EVIDENCE
68779836,420 W 18th Street,2026-06-24,RESALE_NOT_COMP,Retained in SOLD_EVIDENCE
26657111,1111 Le Green Street,2026-06-24,RESALE_NOT_COMP,Retained in SOLD_EVIDENCE
3798835,1502 Dian Street,2026-06-23,RESALE_NOT_COMP,Retained in SOLD_EVIDENCE
95828356,515 W 25th Street,2026-06-22,RESALE_NOT_COMP,Retained in SOLD_EVIDENCE
84875125,948 Ashland Street,2026-06-22,RESALE_NOT_COMP,Retained in SOLD_EVIDENCE
75479522,843 W 21st Street Unit#B,2026-06-22,RESALE_NOT_COMP,Retained in SOLD_EVIDENCE
39989545,1109 Rutland Street,2026-06-18,RESALE_NOT_COMP,Retained in SOLD_EVIDENCE
34705703,1238 W 22nd Street,2026-06-18,RESALE_NOT_COMP,Retained in SOLD_EVIDENCE
24435192,1014 Wynnwood Lane,2026-06-18,RESALE_NOT_COMP,Retained in SOLD_EVIDENCE
13643489,723 E 7th Street,2026-06-18,RESALE_NOT_COMP,Retained in SOLD_EVIDENCE
93056562,216 W 9th Street,2026-06-17,RESALE_NOT_COMP,Retained in SOLD_EVIDENCE
90721643,1310 Tulane Street,2026-06-17,RESALE_NOT_COMP,Retained in SOLD_EVIDENCE
63937109,1122 E 23rd Street,2026-06-17,RESALE_NOT_COMP,Retained in SOLD_EVIDENCE
52974488,1432 Prince Street Unit#A,2026-06-17,RESALE_NOT_COMP,Retained in SOLD_EVIDENCE
90281172,104 Moss Street,2026-06-16,RESALE_NOT_COMP,Retained in SOLD_EVIDENCE
76703519,527 Oxford Street Unit#C,2026-06-16,RESALE_NOT_COMP,Retained in SOLD_EVIDENCE
40991381,1102 Wynnwood Lane,2026-06-16,RESALE_NOT_COMP,Retained in SOLD_EVIDENCE
89661396,411 W 17th Street Unit#C,2026-06-15,RESALE_NOT_COMP,Retained in SOLD_EVIDENCE
87886258,607 E 15th Street,2026-06-15,RESALE_NOT_COMP,Retained in SOLD_EVIDENCE
85169148,3541 Michaux Street,2026-06-15,RESALE_NOT_COMP,Retained in SOLD_EVIDENCE
7962946,1102 E 14th Street,2026-06-15,RESALE_NOT_COMP,Retained in SOLD_EVIDENCE
73656029,733 Ashland Street Unit#C,2026-06-15,RESALE_NOT_COMP,Retained in SOLD_EVIDENCE
58937222,816 W Cottage Street,2026-06-15,RESALE_NOT_COMP,Retained in SOLD_EVIDENCE
28212945,1624 Heights Boulevard,2026-06-15,RESALE_NOT_COMP,Retained in SOLD_EVIDENCE
10220327,943 Columbia Street,2026-06-15,RESALE_NOT_COMP,Retained in SOLD_EVIDENCE
97061865,1216 Arlington Street,2026-06-12,RESALE_NOT_COMP,Retained in SOLD_EVIDENCE
87891863,1906 W 25th Street,2026-06-12,RESALE_NOT_COMP,Retained in SOLD_EVIDENCE
64288894,1231 Waverly Street Unit#A,2026-06-12,RESALE_NOT_COMP,Retained in SOLD_EVIDENCE
23675223,1248 Herkimer Street,2026-06-12,RESALE_NOT_COMP,Retained in SOLD_EVIDENCE
16624685,1408 W 23rd Street,2026-06-12,RESALE_NOT_COMP,Retained in SOLD_EVIDENCE
6896254,319 E 26th Street,2026-06-11,RESALE_NOT_COMP,Retained in SOLD_EVIDENCE
54714746,1503 Herkimer Street,2026-06-11,RESALE_NOT_COMP,Retained in SOLD_EVIDENCE
51365389,2407 Bevis Street,2026-06-11,RESALE_NOT_COMP,Retained in SOLD_EVIDENCE
49883700,1314 Harvard Street,2026-06-11,RESALE_NOT_COMP,Retained in SOLD_EVIDENCE
34830033,316 E 5th Street,2026-06-11,RESALE_NOT_COMP,Retained in SOLD_EVIDENCE
78441053,205 W 24th Street,2026-06-09,RESALE_NOT_COMP,Retained in SOLD_EVIDENCE
98063079,616 W 26th Street,2026-06-05,RESALE_NOT_COMP,Retained in SOLD_EVIDENCE
80723482,801 W 13th Street,2026-06-05,RESALE_NOT_COMP,Retained in SOLD_EVIDENCE
60876776,758 E 17th Street,2026-06-05,RESALE_NOT_COMP,Retained in SOLD_EVIDENCE
43101497,925 Tulane Street Unit#A,2026-06-05,RESALE_NOT_COMP,Retained in SOLD_EVIDENCE
41183759,3709 Reagan Street,2026-06-04,RESALE_NOT_COMP,Retained in SOLD_EVIDENCE
96436501,240 W 27th Street,2026-06-03,RESALE_NOT_COMP,Retained in SOLD_EVIDENCE
87350290,1412 W 24th Street,2026-06-02,RESALE_NOT_COMP,Retained in SOLD_EVIDENCE
52299536,621 W 15th Street,2026-06-02,RESALE_NOT_COMP,Retained in SOLD_EVIDENCE
38400412,415 W 16th Street Unit#B,2026-06-02,RESALE_NOT_COMP,Retained in SOLD_EVIDENCE
91277648,550 Oxford Street,2026-06-01,RESALE_NOT_COMP,Retained in SOLD_EVIDENCE
7574549,508 W 17th Street,2026-06-01,RESALE_NOT_COMP,Retained in SOLD_EVIDENCE
37608974,1213 Ashland Street,2026-06-01,RESALE_NOT_COMP,Retained in SOLD_EVIDENCE
32488995,815 W Melwood Street,2026-06-01,RESALE_NOT_COMP,Retained in SOLD_EVIDENCE
10541447,732 E 28th Street,2026-06-01,RESALE_NOT_COMP,Retained in SOLD_EVIDENCE
88049686,409 W 21st Street,2026-05-29,RESALE_NOT_COMP,Retained in SOLD_EVIDENCE
86701818,440 W 18th Street,2026-05-29,RESALE_NOT_COMP,Retained in SOLD_EVIDENCE
69452013,118 E 27th Street Unit#A,2026-05-29,RESALE_NOT_COMP,Retained in SOLD_EVIDENCE
69079811,110 E 26th Street Unit#B,2026-05-29,RESALE_NOT_COMP,Retained in SOLD_EVIDENCE
64757029,931 Alexander Street,2026-05-29,RESALE_NOT_COMP,Retained in SOLD_EVIDENCE
56515043,621 Rutland Street Unit#D,2026-05-29,RESALE_NOT_COMP,Retained in SOLD_EVIDENCE
4783282,916 Arlington Street,2026-05-29,RESALE_NOT_COMP,Retained in SOLD_EVIDENCE
17827819,1706 Northwood Street,2026-05-29,RESALE_NOT_COMP,Retained in SOLD_EVIDENCE
92691955,1913 W 15th Street,2026-05-28,RESALE_NOT_COMP,Retained in SOLD_EVIDENCE
61794126,617 Harvard Street,2026-05-28,RESALE_NOT_COMP,Retained in SOLD_EVIDENCE
53161409,1828 Arlington Street,2026-05-28,RESALE_NOT_COMP,Retained in SOLD_EVIDENCE
48017196,905 Gibbs Street,2026-05-28,RESALE_NOT_COMP,Retained in SOLD_EVIDENCE
42409260,920 W 25th Street Unit#C,2026-05-28,RESALE_NOT_COMP,Retained in SOLD_EVIDENCE
91034951,836 Allston Street,2026-05-27,RESALE_NOT_COMP,Retained in SOLD_EVIDENCE
71455529,1420 W 26th Street,2026-05-26,RESALE_NOT_COMP,Retained in SOLD_EVIDENCE
67034520,1016 Rutland Street,2026-05-26,RESALE_NOT_COMP,Retained in SOLD_EVIDENCE
7839752,1437 Cortlandt Street,2026-05-22,RESALE_NOT_COMP,Retained in SOLD_EVIDENCE
45930165,1646 Harvard Street,2026-05-22,RESALE_NOT_COMP,Retained in SOLD_EVIDENCE
4436936,413 Woodland Street,2026-05-22,RESALE_NOT_COMP,Retained in SOLD_EVIDENCE
39550662,316 W 17th Street,2026-05-22,RESALE_NOT_COMP,Retained in SOLD_EVIDENCE
31038021,1236 Columbia Street,2026-05-22,RESALE_NOT_COMP,Retained in SOLD_EVIDENCE
43910788,3535 Michaux Street,2026-05-21,RESALE_NOT_COMP,Retained in SOLD_EVIDENCE
41813835,521 W 22nd Street,2026-05-21,RESALE_NOT_COMP,Retained in SOLD_EVIDENCE
35174310,2020 Columbia Street,2026-05-21,RESALE_NOT_COMP,Retained in SOLD_EVIDENCE
10825083,1248 W 22nd Street,2026-05-20,RESALE_NOT_COMP,Retained in SOLD_EVIDENCE
48522046,1228 Herkimer Street,2026-05-19,RESALE_NOT_COMP,Retained in SOLD_EVIDENCE
88606966,3012 Beauchamp Street,2026-05-14,RESALE_NOT_COMP,Retained in SOLD_EVIDENCE
29096052,1418 Columbia Street,2026-05-14,RESALE_NOT_COMP,Retained in SOLD_EVIDENCE
14414524,606 Allston Street,2026-05-14,RESALE_NOT_COMP,Retained in SOLD_EVIDENCE
73168747,1026 Allston Street,2026-05-12,RESALE_NOT_COMP,Retained in SOLD_EVIDENCE
53824585,1102 Winston Street,2026-05-12,RESALE_NOT_COMP,Retained in SOLD_EVIDENCE
97166261,517 E 25th Street,2026-05-11,RESALE_NOT_COMP,Retained in SOLD_EVIDENCE
87356355,925 Waverly Street Unit#B,2026-05-11,RESALE_NOT_COMP,Retained in SOLD_EVIDENCE
84922219,610 E 7th Street,2026-05-11,RESALE_NOT_COMP,Retained in SOLD_EVIDENCE
65708439,2216 Arlington Street,2026-05-11,RESALE_NOT_COMP,Retained in SOLD_EVIDENCE
57714605,621 Rutland Street Unit#A,2026-05-11,RESALE_NOT_COMP,Retained in SOLD_EVIDENCE
77046795,916 Nicholson Street,2026-05-08,RESALE_NOT_COMP,Retained in SOLD_EVIDENCE
47899099,509 Euclid Street,2026-05-08,RESALE_NOT_COMP,Retained in SOLD_EVIDENCE
44618766,716 E 18th Street,2026-05-08,RESALE_NOT_COMP,Retained in SOLD_EVIDENCE
36617811,903 E 25th Street,2026-05-08,RESALE_NOT_COMP,Retained in SOLD_EVIDENCE
23946093,517 Harvard Street,2026-05-08,RESALE_NOT_COMP,Retained in SOLD_EVIDENCE
17052910,844 E 26th Street,2026-05-08,RESALE_NOT_COMP,Retained in SOLD_EVIDENCE
81663024,1833 Tabor Street,2026-05-07,RESALE_NOT_COMP,Retained in SOLD_EVIDENCE
69956766,508 E 25th Street,2026-05-07,RESALE_NOT_COMP,Retained in SOLD_EVIDENCE
43683152,1523 Oxford Street,2026-05-07,RESALE_NOT_COMP,Retained in SOLD_EVIDENCE
3763963,2424 Couch Street,2026-05-07,RESALE_NOT_COMP,Retained in SOLD_EVIDENCE
30567135,929 Wynnwood Lane,2026-05-07,RESALE_NOT_COMP,Retained in SOLD_EVIDENCE
29090594,540 W 24th Street Unit#B,2026-05-07,RESALE_NOT_COMP,Retained in SOLD_EVIDENCE
25058599,1184 Nelson Falls Lane,2026-05-06,RESALE_NOT_COMP,Retained in SOLD_EVIDENCE
89906929,1005 Walton Street,2026-05-05,RESALE_NOT_COMP,Retained in SOLD_EVIDENCE
69140513,629 W 8th Street,2026-05-05,RESALE_NOT_COMP,Retained in SOLD_EVIDENCE
64117338,440 W 21st Street,2026-05-05,RESALE_NOT_COMP,Retained in SOLD_EVIDENCE
62093441,518 E 27th Street,2026-05-05,RESALE_NOT_COMP,Retained in SOLD_EVIDENCE
97512116,411 Bayland Avenue,2026-05-04,RESALE_NOT_COMP,Retained in SOLD_EVIDENCE
90792866,802 Ralfallen Street,2026-05-04,RESALE_NOT_COMP,Retained in SOLD_EVIDENCE
72569109,805 Ralfallen Street,2026-05-04,RESALE_NOT_COMP,Retained in SOLD_EVIDENCE
63452137,542 Oxford Street,2026-05-04,RESALE_NOT_COMP,Retained in SOLD_EVIDENCE
38166412,217 W 24th Street,2026-05-04,RESALE_NOT_COMP,Retained in SOLD_EVIDENCE
8477381,741 E 16th Street,2026-05-01,RESALE_NOT_COMP,Retained in SOLD_EVIDENCE
56620105,724 Ashland Street,2026-05-01,RESALE_NOT_COMP,Retained in SOLD_EVIDENCE
44307734,1633 Arlington Street,2026-05-01,RESALE_NOT_COMP,Retained in SOLD_EVIDENCE
27714410,1023 Nashua Street,2026-05-01,RESALE_NOT_COMP,Retained in SOLD_EVIDENCE
24085876,1116 Waverly Street,2026-05-01,RESALE_NOT_COMP,Retained in SOLD_EVIDENCE
92054993,509 Vincent Street,2026-04-30,RESALE_NOT_COMP,Retained in SOLD_EVIDENCE
91549854,638 Harvard Street,2026-04-30,RESALE_NOT_COMP,Retained in SOLD_EVIDENCE
91454250,1206 W 24th Street,2026-04-30,RESALE_NOT_COMP,Retained in SOLD_EVIDENCE
72552965,912 W 19th Street Unit#C,2026-04-30,RESALE_NOT_COMP,Retained in SOLD_EVIDENCE
60508962,711 Tulane Street,2026-04-30,RESALE_NOT_COMP,Retained in SOLD_EVIDENCE
54927275,1129 Oxford Street Unit#B,2026-04-30,RESALE_NOT_COMP,Retained in SOLD_EVIDENCE
45861274,518 Byrne Street,2026-04-30,RESALE_NOT_COMP,Retained in SOLD_EVIDENCE
33866323,313 E 25th Street,2026-04-30,RESALE_NOT_COMP,Retained in SOLD_EVIDENCE
16074813,826 E 24th Street,2026-04-30,RESALE_NOT_COMP,Retained in SOLD_EVIDENCE
10486436,1136 Woodland Street,2026-04-30,RESALE_NOT_COMP,Retained in SOLD_EVIDENCE
31001293,705 W 9th Street,2026-04-29,RESALE_NOT_COMP,Retained in SOLD_EVIDENCE
82276251,1007 Grovewood Lane,2026-04-27,RESALE_NOT_COMP,Retained in SOLD_EVIDENCE
72855437,1135 Jerome Street,2026-04-27,RESALE_NOT_COMP,Retained in SOLD_EVIDENCE
5668350,912 Teetshorn Street,2026-04-27,RESALE_NOT_COMP,Retained in SOLD_EVIDENCE
96836524,821 E 25th Street E,2026-04-24,RESALE_NOT_COMP,Retained in SOLD_EVIDENCE
73233338,1128 Euclid Street,2026-04-24,RESALE_NOT_COMP,Retained in SOLD_EVIDENCE
32713723,608 E 19th Street,2026-04-24,RESALE_NOT_COMP,Retained in SOLD_EVIDENCE
58223923,920 W 25th Street Unit#B,2026-04-23,RESALE_NOT_COMP,Retained in SOLD_EVIDENCE
50162810,1111 Ashland Street,2026-04-22,RESALE_NOT_COMP,Retained in SOLD_EVIDENCE
24625392,405 W 27th Street Unit#A,2026-04-22,RESALE_NOT_COMP,Retained in SOLD_EVIDENCE
90037309,918 E 14th Street,2026-04-21,RESALE_NOT_COMP,Retained in SOLD_EVIDENCE
84806618,1321 W 21st Street,2026-04-21,RESALE_NOT_COMP,Retained in SOLD_EVIDENCE
78554872,814 Omar Street,2026-04-21,RESALE_NOT_COMP,Retained in SOLD_EVIDENCE
68968275,1822 Cortlandt Street,2026-04-21,RESALE_NOT_COMP,Retained in SOLD_EVIDENCE
48572382,1020 W 22nd Street Unit#B,2026-04-21,RESALE_NOT_COMP,Retained in SOLD_EVIDENCE
45081940,1027 Peddie Street,2026-04-21,RESALE_NOT_COMP,Retained in SOLD_EVIDENCE
36874983,840 Alexander Street,2026-04-21,RESALE_NOT_COMP,Retained in SOLD_EVIDENCE
10096400,924 Allston Street,2026-04-21,RESALE_NOT_COMP,Retained in SOLD_EVIDENCE
78418508,1135 W 21st Street,2026-04-20,RESALE_NOT_COMP,Retained in SOLD_EVIDENCE
56324043,221 E 12th Street,2026-04-20,RESALE_NOT_COMP,Retained in SOLD_EVIDENCE
95542054,422 W 26th Street,2026-04-17,RESALE_NOT_COMP,Retained in SOLD_EVIDENCE
9453155,209 W 24th Street,2026-04-17,RESALE_NOT_COMP,Retained in SOLD_EVIDENCE
91236442,902 E 27th Street,2026-04-17,RESALE_NOT_COMP,Retained in SOLD_EVIDENCE
7559726,1011 W Cottage Street,2026-04-17,RESALE_NOT_COMP,Retained in SOLD_EVIDENCE
69396840,523 Highland Street,2026-04-17,RESALE_NOT_COMP,Retained in SOLD_EVIDENCE
48793853,1012 W 23rd Street,2026-04-17,RESALE_NOT_COMP,Retained in SOLD_EVIDENCE
16011603,1540 Lawrence Street,2026-04-17,RESALE_NOT_COMP,Retained in SOLD_EVIDENCE
85586320,1227 Waverly Street,2026-04-16,RESALE_NOT_COMP,Retained in SOLD_EVIDENCE
64678248,432 Arlington Street,2026-04-15,RESALE_NOT_COMP,Retained in SOLD_EVIDENCE
92910379,729 E 9th Street,2026-04-14,RESALE_NOT_COMP,Retained in SOLD_EVIDENCE
21784630,3006 Houston Avenue,2026-04-14,RESALE_NOT_COMP,Retained in SOLD_EVIDENCE
16020843,811 Redan Street,2026-04-14,RESALE_NOT_COMP,Retained in SOLD_EVIDENCE
87078948,620 W 25th Street,2026-04-13,RESALE_NOT_COMP,Retained in SOLD_EVIDENCE
30809114,601 W 17th Street,2026-04-13,RESALE_NOT_COMP,Retained in SOLD_EVIDENCE
49109874,1404 W 25th Street,2026-04-10,RESALE_NOT_COMP,Retained in SOLD_EVIDENCE
10696966,2519 White Oak Drive,2026-04-10,RESALE_NOT_COMP,Retained in SOLD_EVIDENCE
98392193,1534 Nicholson Street,2026-04-09,RESALE_NOT_COMP,Retained in SOLD_EVIDENCE
82979575,504 Oxford Street,2026-04-08,RESALE_NOT_COMP,Retained in SOLD_EVIDENCE
73759073,1324 Tulane Street,2026-04-08,RESALE_NOT_COMP,Retained in SOLD_EVIDENCE
72144714,1342 Allston Street,2026-04-08,RESALE_NOT_COMP,Retained in SOLD_EVIDENCE
70700852,1241 Prince Street,2026-04-08,RESALE_NOT_COMP,Retained in SOLD_EVIDENCE
30454888,1111 Highland Street,2026-04-07,RESALE_NOT_COMP,Retained in SOLD_EVIDENCE
98567626,922 Bayland Avenue,2026-04-03,RESALE_NOT_COMP,Retained in SOLD_EVIDENCE
82368903,1108 W Cottage Street,2026-04-03,RESALE_NOT_COMP,Retained in SOLD_EVIDENCE
94088486,401 W 21 st Street,2026-04-02,RESALE_NOT_COMP,Retained in SOLD_EVIDENCE
86906320,814 W 21st Street,2026-04-02,RESALE_NOT_COMP,Retained in SOLD_EVIDENCE
67038981,414 Woodland Street,2026-04-02,RESALE_NOT_COMP,Retained in SOLD_EVIDENCE
59911518,719 E 6th 1/2 Street,2026-04-02,RESALE_NOT_COMP,Retained in SOLD_EVIDENCE
48267610,1121 Key Street,2026-04-02,RESALE_NOT_COMP,Retained in SOLD_EVIDENCE
28474446,811 W Melwood Street,2026-04-02,RESALE_NOT_COMP,Retained in SOLD_EVIDENCE
54029371,714 Wilken Street,2026-04-01,RESALE_NOT_COMP,Retained in SOLD_EVIDENCE
51165038,1022 Arlington Street,2026-04-01,RESALE_NOT_COMP,Retained in SOLD_EVIDENCE
35542959,1236 Omar Street,2026-03-31,RESALE_NOT_COMP,Retained in SOLD_EVIDENCE
31465853,618 E 28th Street,2026-03-31,RESALE_NOT_COMP,Retained in SOLD_EVIDENCE
25084620,1106 W 12th Street,2026-03-31,RESALE_NOT_COMP,Retained in SOLD_EVIDENCE
14166412,516 Arlington Street,2026-03-31,RESALE_NOT_COMP,Retained in SOLD_EVIDENCE
2068157,338 W 18th Street,2026-03-30,RESALE_NOT_COMP,Retained in SOLD_EVIDENCE
58666848,311 W 6th Street,2026-03-27,RESALE_NOT_COMP,Retained in SOLD_EVIDENCE
36967996,1810 Cortlandt Street,2026-03-27,RESALE_NOT_COMP,Retained in SOLD_EVIDENCE
25425589,1321 Laird Street,2026-03-27,RESALE_NOT_COMP,Retained in SOLD_EVIDENCE
16376993,1506 Tabor Street,2026-03-27,RESALE_NOT_COMP,Retained in SOLD_EVIDENCE
15373738,316 Aurora Street,2026-03-26,RESALE_NOT_COMP,Retained in SOLD_EVIDENCE
57839343,2047 Harvard Street,2026-03-24,RESALE_NOT_COMP,Retained in SOLD_EVIDENCE
49302794,1517 Lawrence Street,2026-03-24,RESALE_NOT_COMP,Retained in SOLD_EVIDENCE
88507430,827 Sledge Street,2026-03-23,RESALE_NOT_COMP,Retained in SOLD_EVIDENCE
62638176,525 Teetshorn Street,2026-03-23,RESALE_NOT_COMP,Retained in SOLD_EVIDENCE
25834381,1114 W 15th Street,2026-03-23,RESALE_NOT_COMP,Retained in SOLD_EVIDENCE
17160597,1802 W 14th 1/2 Street,2026-03-23,RESALE_NOT_COMP,Retained in SOLD_EVIDENCE
83619577,1430 Dorothy Street,2026-03-20,RESALE_NOT_COMP,Retained in SOLD_EVIDENCE
80484897,1215 Rutland Street,2026-03-20,RESALE_NOT_COMP,Retained in SOLD_EVIDENCE
66593040,950 Omar Street,2026-03-20,RESALE_NOT_COMP,Retained in SOLD_EVIDENCE
63742440,435 W 23rd Street,2026-03-20,RESALE_NOT_COMP,Retained in SOLD_EVIDENCE
30213229,1003 E 28th Street,2026-03-20,RESALE_NOT_COMP,Retained in SOLD_EVIDENCE
15528456,523 W 26th Street,2026-03-20,RESALE_NOT_COMP,Retained in SOLD_EVIDENCE
7297713,912 Heights Boulevard,2026-03-19,RESALE_NOT_COMP,Retained in SOLD_EVIDENCE
6131252,1532 W 24th Street,2026-03-16,RESALE_NOT_COMP,Retained in SOLD_EVIDENCE
58305759,823 Sledge Street,2026-03-13,RESALE_NOT_COMP,Retained in SOLD_EVIDENCE
5590923,421 Cortlandt Street Unit#C,2026-03-13,RESALE_NOT_COMP,Retained in SOLD_EVIDENCE
20154265,1525 W 25th Street,2026-03-13,RESALE_NOT_COMP,Retained in SOLD_EVIDENCE
42452991,731 Key Street,2026-03-12,RESALE_NOT_COMP,Retained in SOLD_EVIDENCE
77925731,1823 Arlington Street,2026-03-11,RESALE_NOT_COMP,Retained in SOLD_EVIDENCE
44972682,1609 Tabor Street,2026-03-11,RESALE_NOT_COMP,Retained in SOLD_EVIDENCE
26548663,823 E 27th Street,2026-03-11,RESALE_NOT_COMP,Retained in SOLD_EVIDENCE
28470380,1512 Hatcher Spring Lane,2026-03-09,RESALE_NOT_COMP,Retained in SOLD_EVIDENCE
85742426,1031 Nashua Street,2026-03-06,RESALE_NOT_COMP,Retained in SOLD_EVIDENCE
8197661,1135 Walling Street,2026-03-06,RESALE_NOT_COMP,Retained in SOLD_EVIDENCE
50002699,1325 Ashland Street,2026-03-06,RESALE_NOT_COMP,Retained in SOLD_EVIDENCE
41074128,1036 Kern Street,2026-03-06,RESALE_NOT_COMP,Retained in SOLD_EVIDENCE
24987314,826 W 26th Street Unit#A,2026-03-06,RESALE_NOT_COMP,Retained in SOLD_EVIDENCE
23986451,805 Columbia Street,2026-03-06,RESALE_NOT_COMP,Retained in SOLD_EVIDENCE
26231511,1124 Ashland Street,2026-03-05,RESALE_NOT_COMP,Retained in SOLD_EVIDENCE
95393115,603 Vincent Street,2026-03-03,RESALE_NOT_COMP,Retained in SOLD_EVIDENCE
3324267,1117 W 26th Street,2026-03-03,RESALE_NOT_COMP,Retained in SOLD_EVIDENCE
84332930,333 W 22nd Street,2026-03-02,RESALE_NOT_COMP,Retained in SOLD_EVIDENCE
64590341,425 Byrne Street,2026-03-02,RESALE_NOT_COMP,Retained in SOLD_EVIDENCE
82525142,643 E 10th Street,2026-02-27,RESALE_NOT_COMP,Retained in SOLD_EVIDENCE
66148669,1438 Prince Street,2026-02-27,RESALE_NOT_COMP,Retained in SOLD_EVIDENCE
19719440,343 W 21st Street,2026-02-27,RESALE_NOT_COMP,Retained in SOLD_EVIDENCE
98861437,719 Woodland Street,2026-02-25,RESALE_NOT_COMP,Retained in SOLD_EVIDENCE
48722340,920 Key Street,2026-02-25,RESALE_NOT_COMP,Retained in SOLD_EVIDENCE
33529570,1106 Timbergrove Lane,2026-02-25,RESALE_NOT_COMP,Retained in SOLD_EVIDENCE
42415080,1014 Ashland Street,2026-02-24,RESALE_NOT_COMP,Retained in SOLD_EVIDENCE
41218337,1811 Harvard Street,2026-02-24,RESALE_NOT_COMP,Retained in SOLD_EVIDENCE
97376499,1334 Alexander Street,2026-02-23,RESALE_NOT_COMP,Retained in SOLD_EVIDENCE
61632840,1223 Waverly Street,2026-02-23,RESALE_NOT_COMP,Retained in SOLD_EVIDENCE
56161285,516 Highland Street,2026-02-23,RESALE_NOT_COMP,Retained in SOLD_EVIDENCE
52059332,1127 Tulane Street,2026-02-20,RESALE_NOT_COMP,Retained in SOLD_EVIDENCE
41515322,2621 Morrison Street,2026-02-20,RESALE_NOT_COMP,Retained in SOLD_EVIDENCE
37701575,4601 Oak Ridge Street,2026-02-20,RESALE_NOT_COMP,Retained in SOLD_EVIDENCE
29875263,1639 Arlington Street,2026-02-20,RESALE_NOT_COMP,Retained in SOLD_EVIDENCE
2058942,304 Enid Street,2026-02-20,RESALE_NOT_COMP,Retained in SOLD_EVIDENCE
89138020,805 Heights Boulevard,2026-02-19,RESALE_NOT_COMP,Retained in SOLD_EVIDENCE
10981225,810 Nashua Street,2026-02-19,RESALE_NOT_COMP,Retained in SOLD_EVIDENCE
85286664,1022 Dorothy Street,2026-02-18,RESALE_NOT_COMP,Retained in SOLD_EVIDENCE
41103207,1109 Rutland Street,2026-02-17,RESALE_NOT_COMP,Retained in SOLD_EVIDENCE
3695241,931 Louise Street,2026-02-17,RESALE_NOT_COMP,Retained in SOLD_EVIDENCE
49069860,305 E 5th Street,2026-02-16,RESALE_NOT_COMP,Retained in SOLD_EVIDENCE
92268350,2502 Lawrence Street,2026-02-13,RESALE_NOT_COMP,Retained in SOLD_EVIDENCE
62731483,1730 White Oak Drive,2026-02-13,RESALE_NOT_COMP,Retained in SOLD_EVIDENCE
57714439,1229 Waverly Street,2026-02-13,RESALE_NOT_COMP,Retained in SOLD_EVIDENCE
45797139,108 Munford Street,2026-02-12,RESALE_NOT_COMP,Retained in SOLD_EVIDENCE
4337423,925 E 26th Street,2026-02-12,RESALE_NOT_COMP,Retained in SOLD_EVIDENCE
19748650,1002 E 27th Street,2026-02-12,RESALE_NOT_COMP,Retained in SOLD_EVIDENCE
52867507,117 E 25th Street,2026-02-11,RESALE_NOT_COMP,Retained in SOLD_EVIDENCE
9043663,1214 Heights Boulevard,2026-02-10,RESALE_NOT_COMP,Retained in SOLD_EVIDENCE
98846654,327 W 23rd Street Unit#A,2026-02-09,RESALE_NOT_COMP,Retained in SOLD_EVIDENCE
19036516,1337 Alexander Street,2026-02-09,RESALE_NOT_COMP,Retained in SOLD_EVIDENCE
95039365,208 Aurora Street Unit#B,2026-02-06,RESALE_NOT_COMP,Retained in SOLD_EVIDENCE
23873440,424 E 24th Street,2026-02-06,RESALE_NOT_COMP,Retained in SOLD_EVIDENCE
62495093,2124 Gostick Street,2026-02-05,RESALE_NOT_COMP,Retained in SOLD_EVIDENCE
59083207,1236 W 21st Street,2026-02-05,RESALE_NOT_COMP,Retained in SOLD_EVIDENCE
87795675,1020 W 22nd Street Unit#A,2026-02-02,RESALE_NOT_COMP,Retained in SOLD_EVIDENCE
86295715,916 Columbia Street,2026-01-30,RESALE_NOT_COMP,Retained in SOLD_EVIDENCE
15845051,935 Pecore Street,2026-01-30,RESALE_NOT_COMP,Retained in SOLD_EVIDENCE
34307492,510 E 7th Street,2026-01-29,RESALE_NOT_COMP,Retained in SOLD_EVIDENCE
79692210,607 Harvard Street,2026-01-28,RESALE_NOT_COMP,Retained in SOLD_EVIDENCE
81823442,901 W 21st Street,2026-01-27,RESALE_NOT_COMP,Retained in SOLD_EVIDENCE
94673963,318 W 17th Street,2026-01-26,RESALE_NOT_COMP,Retained in SOLD_EVIDENCE
3727551,429 W 22nd Street,2026-01-23,RESALE_NOT_COMP,Retained in SOLD_EVIDENCE
13164479,211 E 24th Street,2026-01-23,RESALE_NOT_COMP,Retained in SOLD_EVIDENCE
40459140,844 Cortlandt Street,2026-01-16,RESALE_NOT_COMP,Retained in SOLD_EVIDENCE
38200699,710 E 28th Street,2026-01-15,RESALE_NOT_COMP,Retained in SOLD_EVIDENCE
30033691,1528 Allston Street,2026-01-15,RESALE_NOT_COMP,Retained in SOLD_EVIDENCE
67455121,704 W 8th Street,2026-01-14,RESALE_NOT_COMP,Retained in SOLD_EVIDENCE
82899217,818 E 24th Street,2026-01-13,RESALE_NOT_COMP,Retained in SOLD_EVIDENCE
80325816,1026 Allston Street,2026-01-12,RESALE_NOT_COMP,Retained in SOLD_EVIDENCE
80099883,521 W 23rd Street,2026-01-12,RESALE_NOT_COMP,Retained in SOLD_EVIDENCE
79546546,1030 Voight Street,2026-01-12,RESALE_NOT_COMP,Retained in SOLD_EVIDENCE
49009978,1033 Highland Street,2026-01-12,RESALE_NOT_COMP,Retained in SOLD_EVIDENCE
75943753,1516 W 23rd Street,2026-01-09,RESALE_NOT_COMP,Retained in SOLD_EVIDENCE
53786323,416 Highland Street,2026-01-08,RESALE_NOT_COMP,Retained in SOLD_EVIDENCE
91360179,913 Tulane Street,2026-01-07,RESALE_NOT_COMP,Retained in SOLD_EVIDENCE
38527340,602 E 10th 1/2 Street,2026-01-07,RESALE_NOT_COMP,Retained in SOLD_EVIDENCE
31858561,318 W 24th Street,2026-01-07,RESALE_NOT_COMP,Retained in SOLD_EVIDENCE
83542920,1408 W 25th Street,2026-01-06,RESALE_NOT_COMP,Retained in SOLD_EVIDENCE
68405603,329 E 25th Street,2026-01-06,RESALE_NOT_COMP,Retained in SOLD_EVIDENCE
57731869,423 Pecore Street,2026-01-06,RESALE_NOT_COMP,Retained in SOLD_EVIDENCE
7496202,449 W 23rd Street,2026-01-05,RESALE_NOT_COMP,Retained in SOLD_EVIDENCE
55834496,1819 Studewood Street,2026-01-05,RESALE_NOT_COMP,Retained in SOLD_EVIDENCE
32780196,2505 Couch Street Unit#A,2025-12-31,RESALE_NOT_COMP,Retained in SOLD_EVIDENCE
24586074,619 E 10th 1/2 Street,2025-12-31,RESALE_NOT_COMP,Retained in SOLD_EVIDENCE
42438287,716 E 10th Street,2025-12-30,RESALE_NOT_COMP,Retained in SOLD_EVIDENCE
13818948,806 Waverly Street,2025-12-30,RESALE_NOT_COMP,Retained in SOLD_EVIDENCE
10305053,2120 White Oak Drive,2025-12-30,RESALE_NOT_COMP,Retained in SOLD_EVIDENCE
71061269,1203 Tulane Street,2025-12-29,RESALE_NOT_COMP,Retained in SOLD_EVIDENCE
49055488,1009 W 16th Street,2025-12-29,RESALE_NOT_COMP,Retained in SOLD_EVIDENCE
22486802,922 Prince Street,2025-12-26,RESALE_NOT_COMP,Retained in SOLD_EVIDENCE
54129447,1101 Tabor Street,2025-12-24,RESALE_NOT_COMP,Retained in SOLD_EVIDENCE
80132711,1226 Heights Boulevard,2025-12-23,RESALE_NOT_COMP,Retained in SOLD_EVIDENCE
52074126,344 W 22nd Street,2025-12-23,RESALE_NOT_COMP,Retained in SOLD_EVIDENCE
4127382,506 E 24th Street,2025-12-22,RESALE_NOT_COMP,Retained in SOLD_EVIDENCE
3023629,2524 Brinkman Street Unit#B,2025-12-22,RESALE_NOT_COMP,Retained in SOLD_EVIDENCE
29940278,519 Threlkeld Street,2025-12-22,RESALE_NOT_COMP,Retained in SOLD_EVIDENCE
63714604,516 West 9th St,2025-12-19,RESALE_NOT_COMP,Retained in SOLD_EVIDENCE
39083243,710 E 13th Street,2025-12-19,RESALE_NOT_COMP,Retained in SOLD_EVIDENCE
29907219,1445 Hall Place,2025-12-19,RESALE_NOT_COMP,Retained in SOLD_EVIDENCE
10958573,121 E 22nd Street,2025-12-19,RESALE_NOT_COMP,Retained in SOLD_EVIDENCE
88338062,310 E 25th Street,2025-12-16,RESALE_NOT_COMP,Retained in SOLD_EVIDENCE
68591974,523 W 15th Street,2025-12-16,RESALE_NOT_COMP,Retained in SOLD_EVIDENCE
85912719,1903 W 14th Street,2025-12-15,RESALE_NOT_COMP,Retained in SOLD_EVIDENCE
75832327,2710 Nicholson Street,2025-12-12,RESALE_NOT_COMP,Retained in SOLD_EVIDENCE
23792956,701 E 8th Street,2025-12-12,RESALE_NOT_COMP,Retained in SOLD_EVIDENCE
23167162,919 Ashland Street Unit#B,2025-12-10,RESALE_NOT_COMP,Retained in SOLD_EVIDENCE
64030135,2219 Arlington Street,2025-12-08,RESALE_NOT_COMP,Retained in SOLD_EVIDENCE
90915756,2017 Cortlandt Street,2025-12-05,RESALE_NOT_COMP,Retained in SOLD_EVIDENCE
44446175,830 W 17th Street Unit#B,2025-12-05,RESALE_NOT_COMP,Retained in SOLD_EVIDENCE
35103513,606 Merrill Street,2025-12-05,RESALE_NOT_COMP,Retained in SOLD_EVIDENCE
88882537,1231 W 15th 1/2 Street,2025-12-04,RESALE_NOT_COMP,Retained in SOLD_EVIDENCE
83483831,1522 Glen Oaks Street,2025-12-04,RESALE_NOT_COMP,Retained in SOLD_EVIDENCE
76976509,717 E 23rd Street,2025-12-04,RESALE_NOT_COMP,Retained in SOLD_EVIDENCE
97889058,544 W 24th Street,2025-12-03,RESALE_NOT_COMP,Retained in SOLD_EVIDENCE
85485592,1111 W Gardner Street,2025-12-03,RESALE_NOT_COMP,Retained in SOLD_EVIDENCE
60331099,2416 Bevis Street,2025-12-03,RESALE_NOT_COMP,Retained in SOLD_EVIDENCE
5553264,1108 Voight Street,2025-12-03,RESALE_NOT_COMP,Retained in SOLD_EVIDENCE
89752648,525 Cortlandt Street,2025-12-01,RESALE_NOT_COMP,Retained in SOLD_EVIDENCE
81668952,3000 Morrison Street,2025-12-01,RESALE_NOT_COMP,Retained in SOLD_EVIDENCE
38509743,304 Archer Street,2025-11-26,RESALE_NOT_COMP,Retained in SOLD_EVIDENCE
97515055,1425 Tulane Street,2025-11-25,RESALE_NOT_COMP,Retained in SOLD_EVIDENCE
96761450,919 W 16th Street Unit#C,2025-11-24,RESALE_NOT_COMP,Retained in SOLD_EVIDENCE
95787241,1106 Tulane Street,2025-11-24,RESALE_NOT_COMP,Retained in SOLD_EVIDENCE
84709210,2120 Gostick Street,2025-11-21,RESALE_NOT_COMP,Retained in SOLD_EVIDENCE
81852800,1223 Posey Street,2025-11-21,RESALE_NOT_COMP,Retained in SOLD_EVIDENCE
77447018,1227 Nicholson Street,2025-11-21,RESALE_NOT_COMP,Retained in SOLD_EVIDENCE
27562578,701 Oxford Street,2025-11-21,RESALE_NOT_COMP,Retained in SOLD_EVIDENCE
27138981,1314 Allston Street,2025-11-21,RESALE_NOT_COMP,Retained in SOLD_EVIDENCE
43573674,215 Bayland Avenue,2025-11-20,RESALE_NOT_COMP,Retained in SOLD_EVIDENCE
32100066,411 Vincent Street,2025-11-20,RESALE_NOT_COMP,Retained in SOLD_EVIDENCE
62144049,128 W 17th Street,2025-11-19,RESALE_NOT_COMP,Retained in SOLD_EVIDENCE
59542814,816 Dorothy Street Unit#B,2025-11-19,RESALE_NOT_COMP,Retained in SOLD_EVIDENCE
46586929,1021 Allston Street,2025-11-19,RESALE_NOT_COMP,Retained in SOLD_EVIDENCE
16530509,1235 Tulane Street,2025-11-19,RESALE_NOT_COMP,Retained in SOLD_EVIDENCE
94254988,304 Bayland Avenue,2025-11-18,RESALE_NOT_COMP,Retained in SOLD_EVIDENCE
83315330,326 Aurora Street Unit#A,2025-11-18,RESALE_NOT_COMP,Retained in SOLD_EVIDENCE
74659080,4607 Oak Ridge Street,2025-11-18,RESALE_NOT_COMP,Retained in SOLD_EVIDENCE
48052803,719 E 28th Street,2025-11-18,RESALE_NOT_COMP,Retained in SOLD_EVIDENCE
39043933,717 Woodland Street,2025-11-18,RESALE_NOT_COMP,Retained in SOLD_EVIDENCE
33171263,326 W 24th Street,2025-11-17,RESALE_NOT_COMP,Retained in SOLD_EVIDENCE
16482096,2209 Bevis Street Unit#A,2025-11-17,RESALE_NOT_COMP,Retained in SOLD_EVIDENCE
76609135,441 W 24th Street Unit#A,2025-11-14,RESALE_NOT_COMP,Retained in SOLD_EVIDENCE
64931019,714 Rutland Street,2025-11-14,RESALE_NOT_COMP,Retained in SOLD_EVIDENCE
45727557,626 E 22nd Street,2025-11-14,RESALE_NOT_COMP,Retained in SOLD_EVIDENCE
33942837,118 E 25th Street,2025-11-14,RESALE_NOT_COMP,Retained in SOLD_EVIDENCE
15590452,1245 Waverly Street,2025-11-14,RESALE_NOT_COMP,Retained in SOLD_EVIDENCE
98441132,638 E 10th Street,2025-11-13,RESALE_NOT_COMP,Retained in SOLD_EVIDENCE
30164741,945 Oxford Street,2025-11-13,RESALE_NOT_COMP,Retained in SOLD_EVIDENCE
75349198,1108 Highland Street,2025-11-12,RESALE_NOT_COMP,Retained in SOLD_EVIDENCE
39369334,725 Dorothy Street,2025-11-12,RESALE_NOT_COMP,Retained in SOLD_EVIDENCE
35385701,1031 Ashland Street,2025-11-12,RESALE_NOT_COMP,Retained in SOLD_EVIDENCE
32859747,1114 Grovewood Lane,2025-11-11,RESALE_NOT_COMP,Retained in SOLD_EVIDENCE
92042502,1529 Beall Street Unit#B,2025-11-10,RESALE_NOT_COMP,Retained in SOLD_EVIDENCE
62547348,2004 Columbia Street,2025-11-10,RESALE_NOT_COMP,Retained in SOLD_EVIDENCE
68369197,1433 Alexander Street,2025-11-07,RESALE_NOT_COMP,Retained in SOLD_EVIDENCE
61898096,1224 W 17th Street Unit#B,2025-11-07,RESALE_NOT_COMP,Retained in SOLD_EVIDENCE
59113476,810 Allston Street,2025-11-07,RESALE_NOT_COMP,Retained in SOLD_EVIDENCE
58126452,717 Herkimer Street Unit#A,2025-11-07,RESALE_NOT_COMP,Retained in SOLD_EVIDENCE
55195141,816 W 23rd Street,2025-11-07,RESALE_NOT_COMP,Retained in SOLD_EVIDENCE
94328318,626 E 8th Street,2025-11-06,RESALE_NOT_COMP,Retained in SOLD_EVIDENCE
90044817,1268 Nelson Falls Lane,2025-11-06,RESALE_NOT_COMP,Retained in SOLD_EVIDENCE
30626126,609 W 20th Street,2025-11-06,RESALE_NOT_COMP,Retained in SOLD_EVIDENCE
22907493,715 Algregg Street,2025-11-06,RESALE_NOT_COMP,Retained in SOLD_EVIDENCE
80641927,1132 Oxford Street,2025-11-05,RESALE_NOT_COMP,Retained in SOLD_EVIDENCE
30670287,1115 E 27th Street,2025-11-05,RESALE_NOT_COMP,Retained in SOLD_EVIDENCE
18238560,1034 Ashland Street Unit#A,2025-11-05,RESALE_NOT_COMP,Retained in SOLD_EVIDENCE
60649491,712 W 22nd Street Unit#B,2025-11-04,RESALE_NOT_COMP,Retained in SOLD_EVIDENCE
75026783,729 Merrill Street,2025-11-03,RESALE_NOT_COMP,Retained in SOLD_EVIDENCE
59284163,1824 W 25th Street,2025-11-03,RESALE_NOT_COMP,Retained in SOLD_EVIDENCE
43008652,1001 Lawrence Street,2025-11-03,RESALE_NOT_COMP,Retained in SOLD_EVIDENCE
33375567,418 Byrne Street,2025-11-03,RESALE_NOT_COMP,Retained in SOLD_EVIDENCE
32024673,1310 Dian Street,2025-11-03,RESALE_NOT_COMP,Retained in SOLD_EVIDENCE
13341494,907 W 16th Street Unit#A,2025-11-03,RESALE_NOT_COMP,Retained in SOLD_EVIDENCE
12289102,732 Allston Street,2025-11-03,RESALE_NOT_COMP,Retained in SOLD_EVIDENCE
11878184,1004 Enid Street Unit#B,2025-11-03,RESALE_NOT_COMP,Retained in SOLD_EVIDENCE
6133330,1011 Heights Boulevard,2025-10-31,RESALE_NOT_COMP,Retained in SOLD_EVIDENCE
55845584,1415 W 21st Street Unit#A,2025-10-30,RESALE_NOT_COMP,Retained in SOLD_EVIDENCE
47901667,337 W 21st Street,2025-10-30,RESALE_NOT_COMP,Retained in SOLD_EVIDENCE
96258638,450 W 16th Street,2025-10-28,RESALE_NOT_COMP,Retained in SOLD_EVIDENCE
8435791,2317 Ashland Street,2025-10-28,RESALE_NOT_COMP,Retained in SOLD_EVIDENCE
65578769,811 Herkimer Street,2025-10-27,RESALE_NOT_COMP,Retained in SOLD_EVIDENCE
82831353,1014 W 23rd Street,2025-10-24,RESALE_NOT_COMP,Retained in SOLD_EVIDENCE
62975431,707 Tulane Street,2025-10-24,RESALE_NOT_COMP,Retained in SOLD_EVIDENCE
74251844,730 W 17th Street,2025-10-23,RESALE_NOT_COMP,Retained in SOLD_EVIDENCE
76351716,414 W 25th Street,2025-10-22,RESALE_NOT_COMP,Retained in SOLD_EVIDENCE
67293941,1035 Waverly Street Unit#B,2025-10-22,RESALE_NOT_COMP,Retained in SOLD_EVIDENCE
91793036,113 E 26th Street Unit#B,2025-10-20,RESALE_NOT_COMP,Retained in SOLD_EVIDENCE
60390078,1442 Lawrence Street,2025-10-20,RESALE_NOT_COMP,Retained in SOLD_EVIDENCE
2439744,221 W 26th Street Unit#B,2025-10-17,RESALE_NOT_COMP,Retained in SOLD_EVIDENCE
21439171,1505 W 23rd Street Unit#D,2025-10-17,RESALE_NOT_COMP,Retained in SOLD_EVIDENCE
53303731,1110 W 12th Street,2025-10-16,RESALE_NOT_COMP,Retained in SOLD_EVIDENCE
42703315,928 Robbie Street Unit#B,2025-10-16,RESALE_NOT_COMP,Retained in SOLD_EVIDENCE
17672205,633 Oxford Street,2025-10-14,RESALE_NOT_COMP,Retained in SOLD_EVIDENCE
45264743,1545 Arlington Street,2025-10-13,RESALE_NOT_COMP,Retained in SOLD_EVIDENCE
91772633,1819 Arlington Street,2025-10-10,RESALE_NOT_COMP,Retained in SOLD_EVIDENCE
56137397,636 Pizer Street,2025-10-10,RESALE_NOT_COMP,Retained in SOLD_EVIDENCE
4657553,420 W 17th Street,2025-10-10,RESALE_NOT_COMP,Retained in SOLD_EVIDENCE
98022369,940 Columbia Street,2025-10-09,RESALE_NOT_COMP,Retained in SOLD_EVIDENCE
35662209,1530 Yale Street Unit#A,2025-10-09,RESALE_NOT_COMP,Retained in SOLD_EVIDENCE
12982778,414 E 28th Street,2025-10-09,RESALE_NOT_COMP,Retained in SOLD_EVIDENCE
22852912,920 W Melwood Street,2025-10-08,RESALE_NOT_COMP,Retained in SOLD_EVIDENCE
94798140,311 E 23rd Street Unit#D,2025-10-07,RESALE_NOT_COMP,Retained in SOLD_EVIDENCE
40162938,604 W 28th Street Unit#B,2025-10-07,RESALE_NOT_COMP,Retained in SOLD_EVIDENCE
86039767,1905 W 14th Street Unit#B,2025-10-06,RESALE_NOT_COMP,Retained in SOLD_EVIDENCE
77503347,523 E 28th Street,2025-10-03,RESALE_NOT_COMP,Retained in SOLD_EVIDENCE
74143702,1021 Harvard Street,2025-10-03,RESALE_NOT_COMP,Retained in SOLD_EVIDENCE
67458529,2601 Bevis Street Unit#A,2025-10-02,RESALE_NOT_COMP,Retained in SOLD_EVIDENCE
22459966,1219 W 25th Street Unit#A,2025-10-02,RESALE_NOT_COMP,Retained in SOLD_EVIDENCE
25773971,1239 W 23rd St Unit#A,2025-10-01,RESALE_NOT_COMP,Retained in SOLD_EVIDENCE
92049997,2052 Columbia Street,2025-09-30,RESALE_NOT_COMP,Retained in SOLD_EVIDENCE
62984622,808 Merrill Street,2025-09-30,RESALE_NOT_COMP,Retained in SOLD_EVIDENCE
61433597,1207 W 25th Street,2025-09-30,RESALE_NOT_COMP,Retained in SOLD_EVIDENCE
40263706,714 E 10th 1/2 Street,2025-09-30,RESALE_NOT_COMP,Retained in SOLD_EVIDENCE
28713100,1441 W 25th Street Unit#D,2025-09-30,RESALE_NOT_COMP,Retained in SOLD_EVIDENCE
44150356,2118 Nicholson Street,2025-09-29,RESALE_NOT_COMP,Retained in SOLD_EVIDENCE
19711167,1331 Omar Street,2025-09-29,RESALE_NOT_COMP,Retained in SOLD_EVIDENCE
85798819,1334 Omar Street,2025-09-26,RESALE_NOT_COMP,Retained in SOLD_EVIDENCE
6935719,1136 Allston Street,2025-09-26,RESALE_NOT_COMP,Retained in SOLD_EVIDENCE
60604532,1226 Timbergrove Lane,2025-09-26,RESALE_NOT_COMP,Retained in SOLD_EVIDENCE
49525029,619 W 26th Street,2025-09-26,RESALE_NOT_COMP,Retained in SOLD_EVIDENCE
36118513,1107 Adele Street,2025-09-26,RESALE_NOT_COMP,Retained in SOLD_EVIDENCE
27716289,727 Tulane Street,2025-09-26,RESALE_NOT_COMP,Retained in SOLD_EVIDENCE
10029656,543 Threlkeld St,2025-09-26,RESALE_NOT_COMP,Retained in SOLD_EVIDENCE
82840997,1005 W 7th 1/2 Street,2025-09-25,RESALE_NOT_COMP,Retained in SOLD_EVIDENCE
24127795,1518 Beall Street,2025-09-25,RESALE_NOT_COMP,Retained in SOLD_EVIDENCE
95469981,1543 Columbia Street,2025-09-24,RESALE_NOT_COMP,Retained in SOLD_EVIDENCE
10305405,811 Byrne Street,2025-09-24,RESALE_NOT_COMP,Retained in SOLD_EVIDENCE
35112033,2111 Beall Street,2025-09-23,RESALE_NOT_COMP,Retained in SOLD_EVIDENCE
14697719,922 Aurora Street,2025-09-23,RESALE_NOT_COMP,Retained in SOLD_EVIDENCE
62071950,814 Nicholson Street,2025-09-19,RESALE_NOT_COMP,Retained in SOLD_EVIDENCE
39453343,412 W 24th Street,2025-09-19,RESALE_NOT_COMP,Retained in SOLD_EVIDENCE
3910335,428 W 26th Street,2025-09-19,RESALE_NOT_COMP,Retained in SOLD_EVIDENCE
38950080,518 Columbia Street,2025-09-19,RESALE_NOT_COMP,Retained in SOLD_EVIDENCE
20166871,919 Worthshire Street,2025-09-19,RESALE_NOT_COMP,Retained in SOLD_EVIDENCE
59376489,242 E 28th Street,2025-09-18,RESALE_NOT_COMP,Retained in SOLD_EVIDENCE
41687088,914 Nicholson Street,2025-09-18,RESALE_NOT_COMP,Retained in SOLD_EVIDENCE
80740476,1343 Allston Street,2025-09-17,RESALE_NOT_COMP,Retained in SOLD_EVIDENCE
62696056,221 W 25th Street Unit#A,2025-09-17,RESALE_NOT_COMP,Retained in SOLD_EVIDENCE
23997588,639 E 10th Street,2025-09-15,RESALE_NOT_COMP,Retained in SOLD_EVIDENCE
58941017,412 Redan Street,2025-09-12,RESALE_NOT_COMP,Retained in SOLD_EVIDENCE
52868819,358 W 26th Street,2025-09-12,RESALE_NOT_COMP,Retained in SOLD_EVIDENCE
43181987,911 W 25th Street Unit#B,2025-09-12,RESALE_NOT_COMP,Retained in SOLD_EVIDENCE
42764073,1214 Omar Street,2025-09-12,RESALE_NOT_COMP,Retained in SOLD_EVIDENCE
89275477,931 Redan Street,2025-09-11,RESALE_NOT_COMP,Retained in SOLD_EVIDENCE
65486222,1101 Heights Boulevard,2025-09-11,RESALE_NOT_COMP,Retained in SOLD_EVIDENCE
41834263,505 E 15th Street,2025-09-11,RESALE_NOT_COMP,Retained in SOLD_EVIDENCE
34256069,815 W Cottage Street,2025-09-11,RESALE_NOT_COMP,Retained in SOLD_EVIDENCE
82485799,523 E 23rd Street,2025-09-10,RESALE_NOT_COMP,Retained in SOLD_EVIDENCE
80603286,736 E 7th 1/2 Street,2025-09-10,RESALE_NOT_COMP,Retained in SOLD_EVIDENCE
5355135,204 E 26th Street,2025-09-10,RESALE_NOT_COMP,Retained in SOLD_EVIDENCE
95811777,924 E 27th Street,2025-09-09,RESALE_NOT_COMP,Retained in SOLD_EVIDENCE
56615515,2215 Bevis Street,2025-09-09,OUTSIDE_365_DAY_COMP_WINDOW,Retained in SOLD_EVIDENCE
30124484,1129 W 21st Street,2025-09-09,RESALE_NOT_COMP,Retained in SOLD_EVIDENCE
2554683,1117 Beall Landing Court,2025-09-09,RESALE_NOT_COMP,Retained in SOLD_EVIDENCE
15221728,1210 W 23rd Street,2025-09-09,OUTSIDE_365_DAY_COMP_WINDOW,Retained in SOLD_EVIDENCE
10465462,2017 W 14th Street Unit#A,2025-09-09,RESALE_NOT_COMP,Retained in SOLD_EVIDENCE
4927335,712 W 22nd Street Unit#D,2025-09-05,RESALE_NOT_COMP,Retained in SOLD_EVIDENCE
4197682,325 W 23rd Street,2025-09-05,OUTSIDE_365_DAY_COMP_WINDOW,Retained in SOLD_EVIDENCE
39081009,1801 Ashland Street,2025-09-05,RESALE_NOT_COMP,Retained in SOLD_EVIDENCE
25188367,807 Woodland Street,2025-09-05,RESALE_NOT_COMP,Retained in SOLD_EVIDENCE
4701969,636 Oxford Street,2025-09-03,RESALE_NOT_COMP,Retained in SOLD_EVIDENCE
31845908,513 E 4th Street,2025-09-03,RESALE_NOT_COMP,Retained in SOLD_EVIDENCE
45997738,608 E 25th Street,2025-09-02,OUTSIDE_365_DAY_COMP_WINDOW,Retained in SOLD_EVIDENCE
25013806,831 W 17th Street,2025-09-02,RESALE_NOT_COMP,Retained in SOLD_EVIDENCE
97089654,2014 Cortlandt Street,2025-08-29,RESALE_NOT_COMP,Retained in SOLD_EVIDENCE
95695597,726 E 13th 1/2 Street,2025-08-29,OUTSIDE_365_DAY_COMP_WINDOW,Retained in SOLD_EVIDENCE
95063023,908 Beverly Street,2025-08-29,RESALE_NOT_COMP,Retained in SOLD_EVIDENCE
72487047,1438 Nashua Street,2025-08-29,OUTSIDE_365_DAY_COMP_WINDOW,Retained in SOLD_EVIDENCE
57902849,712 E 14th Street,2025-08-29,RESALE_NOT_COMP,Retained in SOLD_EVIDENCE
57760687,1111 Robbie Street,2025-08-29,OUTSIDE_365_DAY_COMP_WINDOW,Retained in SOLD_EVIDENCE
54141524,2039 Columbia Street,2025-08-29,RESALE_NOT_COMP,Retained in SOLD_EVIDENCE
52201670,1631 Beall Street,2025-08-29,OUTSIDE_365_DAY_COMP_WINDOW,Retained in SOLD_EVIDENCE
48460116,1620 Northwood Street,2025-08-29,RESALE_NOT_COMP,Retained in SOLD_EVIDENCE
32364339,834 W 19th Street,2025-08-29,OUTSIDE_365_DAY_COMP_WINDOW,Retained in SOLD_EVIDENCE
16128765,509 E 27th Street Unit#B,2025-08-29,RESALE_NOT_COMP,Retained in SOLD_EVIDENCE
82503550,1010 Prince Street,2025-08-28,RESALE_NOT_COMP,Retained in SOLD_EVIDENCE
80605860,1226 W 17th Street Unit#F,2025-08-28,RESALE_NOT_COMP,Retained in SOLD_EVIDENCE
64220975,415 W 23rd Street,2025-08-28,RESALE_NOT_COMP,Retained in SOLD_EVIDENCE
44394356,612 Redan Street,2025-08-28,RESALE_NOT_COMP,Retained in SOLD_EVIDENCE
93520430,710 E 21st Street,2025-08-27,RESALE_NOT_COMP,Retained in SOLD_EVIDENCE
4378330,324 Aurora Street,2025-08-27,OUTSIDE_365_DAY_COMP_WINDOW,Retained in SOLD_EVIDENCE
90273890,831 W 26th Street,2025-08-25,RESALE_NOT_COMP,Retained in SOLD_EVIDENCE
78480621,829 Ralfallen Street,2025-08-25,RESALE_NOT_COMP,Retained in SOLD_EVIDENCE
56103232,627 E 11th 1/2 Street,2025-08-25,RESALE_NOT_COMP,Retained in SOLD_EVIDENCE
88648269,1037 Rutland Street,2025-08-22,RESALE_NOT_COMP,Retained in SOLD_EVIDENCE
68530583,1234 W 25th Street Unit#A,2025-08-22,RESALE_NOT_COMP,Retained in SOLD_EVIDENCE
59150310,519 Railey Street,2025-08-22,OUTSIDE_365_DAY_COMP_WINDOW,Retained in SOLD_EVIDENCE
37867265,810 W 17th Street Unit#B,2025-08-22,RESALE_NOT_COMP,Retained in SOLD_EVIDENCE
95417138,1106 Adele Street,2025-08-21,OUTSIDE_365_DAY_COMP_WINDOW,Retained in SOLD_EVIDENCE
89770702,604 W 28th Street Unit#A,2025-08-21,RESALE_NOT_COMP,Retained in SOLD_EVIDENCE
89389635,2221 Bevis Street,2025-08-21,OUTSIDE_365_DAY_COMP_WINDOW,Retained in SOLD_EVIDENCE
77272535,602 W 28th Street Unit#B,2025-08-21,RESALE_NOT_COMP,Retained in SOLD_EVIDENCE
7183195,900 W 14th Street,2025-08-21,RESALE_NOT_COMP,Retained in SOLD_EVIDENCE
68488073,608 W 28th Street Unit#C,2025-08-21,RESALE_NOT_COMP,Retained in SOLD_EVIDENCE
67677776,446 Arlington Street,2025-08-21,RESALE_NOT_COMP,Retained in SOLD_EVIDENCE
65015342,818 Waverly Street,2025-08-21,RESALE_NOT_COMP,Retained in SOLD_EVIDENCE
63715206,602 W 28th Street Unit#A,2025-08-21,RESALE_NOT_COMP,Retained in SOLD_EVIDENCE
39042779,801 Merrill Street,2025-08-20,RESALE_NOT_COMP,Retained in SOLD_EVIDENCE
47467677,905 W 16TH Street Unit#B,2025-08-19,RESALE_NOT_COMP,Retained in SOLD_EVIDENCE
46544459,519 Bayland Avenue,2025-08-18,RESALE_NOT_COMP,Retained in SOLD_EVIDENCE
28919251,920 Lawrence Street Unit#D,2025-08-16,RESALE_NOT_COMP,Retained in SOLD_EVIDENCE
92593995,726 E 10th 1/2 Street,2025-08-15,RESALE_NOT_COMP,Retained in SOLD_EVIDENCE
85676547,741 E 13th 1/2 Street,2025-08-15,RESALE_NOT_COMP,Retained in SOLD_EVIDENCE
71059491,1022 W 22nd Street,2025-08-15,RESALE_NOT_COMP,Retained in SOLD_EVIDENCE
68793614,1240 W 16th Street,2025-08-15,RESALE_NOT_COMP,Retained in SOLD_EVIDENCE
53264168,613 E 18th Street,2025-08-15,RESALE_NOT_COMP,Retained in SOLD_EVIDENCE
50365822,615 Allston Street,2025-08-15,RESALE_NOT_COMP,Retained in SOLD_EVIDENCE
42698034,1316 Cortlandt Street,2025-08-15,RESALE_NOT_COMP,Retained in SOLD_EVIDENCE
4254344,734 E 9th Street,2025-08-15,RESALE_NOT_COMP,Retained in SOLD_EVIDENCE
92380742,1331 Waverly Street,2025-08-14,RESALE_NOT_COMP,Retained in SOLD_EVIDENCE
65632100,1115 Beall Landing Court,2025-08-14,RESALE_NOT_COMP,Retained in SOLD_EVIDENCE
16275355,1216 W 23rd Street,2025-08-14,OUTSIDE_365_DAY_COMP_WINDOW,Retained in SOLD_EVIDENCE
49131442,833 Tulane Street,2025-08-13,RESALE_NOT_COMP,Retained in SOLD_EVIDENCE
41107214,536 Rutland Place,2025-08-13,RESALE_NOT_COMP,Retained in SOLD_EVIDENCE
78756510,1611 W 22nd Street Unit#C,2025-08-12,RESALE_NOT_COMP,Retained in SOLD_EVIDENCE
3878342,1509-A W 23rd Street,2025-08-12,RESALE_NOT_COMP,Retained in SOLD_EVIDENCE
59365275,906 W 21st Street Unit#B,2025-08-22,RESALE_NOT_COMP,Retained in SOLD_EVIDENCE
2383532,1109 Robbie Street,2025-08-06,OUTSIDE_365_DAY_COMP_WINDOW,Retained in SOLD_EVIDENCE
5925428,4121 De George Street,2025-07-03,RESALE_NOT_COMP,Retained in SOLD_EVIDENCE
47832522,4123 De George Street,2025-07-22,OUTSIDE_365_DAY_COMP_WINDOW,Retained in SOLD_EVIDENCE
81876782,1106 Cordell Street Unit#A,2025-07-08,OUTSIDE_365_DAY_COMP_WINDOW,Retained in SOLD_EVIDENCE
53387961,914 W 24th Street,2025-08-01,OUTSIDE_365_DAY_COMP_WINDOW,Retained in SOLD_EVIDENCE
88498899,1435 Laird Street,2025-07-22,RESALE_NOT_COMP,Retained in SOLD_EVIDENCE
49382486,1203 E 26th Street Unit#A,2025-07-31,OUTSIDE_365_DAY_COMP_WINDOW,Retained in SOLD_EVIDENCE
2154346,822 E 25th Street,2025-08-08,OUTSIDE_365_DAY_COMP_WINDOW,Retained in SOLD_EVIDENCE
62952049,935 Louise Street,2025-07-25,OUTSIDE_365_DAY_COMP_WINDOW,Retained in SOLD_EVIDENCE
4679668,224 W 23rd Street Unit#A,2025-07-22,OUTSIDE_365_DAY_COMP_WINDOW,Retained in SOLD_EVIDENCE
54358474,519 W 27th Street,2025-08-05,OUTSIDE_365_DAY_COMP_WINDOW,Retained in SOLD_EVIDENCE
55255275,530 W 24th Street,2025-07-11,OUTSIDE_365_DAY_COMP_WINDOW,Retained in SOLD_EVIDENCE
68091929,2912 Michaux Street,2025-07-18,OUTSIDE_365_DAY_COMP_WINDOW,Retained in SOLD_EVIDENCE
65147055,2930 Michaux Street,2025-07-17,OUTSIDE_365_DAY_COMP_WINDOW,Retained in SOLD_EVIDENCE
42239753,2914 Michaux Street,2025-07-08,OUTSIDE_365_DAY_COMP_WINDOW,Retained in SOLD_EVIDENCE
37315555,322 Aurora Street,2025-07-22,OUTSIDE_365_DAY_COMP_WINDOW,Retained in SOLD_EVIDENCE
6060593,432 W 24th Street,2025-07-01,OUTSIDE_365_DAY_COMP_WINDOW,Retained in SOLD_EVIDENCE
42198786,626 E 14TH Street,2025-07-15,OUTSIDE_365_DAY_COMP_WINDOW,Retained in SOLD_EVIDENCE
921017,1311 Waverly Street,2025-07-16,RESALE_NOT_COMP,Retained in SOLD_EVIDENCE
66303071,937 Louise Street,2025-07-31,OUTSIDE_365_DAY_COMP_WINDOW,Retained in SOLD_EVIDENCE
95548599,1020 Alexander Street,2025-07-28,OUTSIDE_365_DAY_COMP_WINDOW,Retained in SOLD_EVIDENCE
80126942,702 E 19th Street,2025-07-25,OUTSIDE_365_DAY_COMP_WINDOW,Retained in SOLD_EVIDENCE
